,Year,coder1-encodings,Consistency,X,Y
0,1990,Surface/Volume,1,0,0
1,1990,Surface/Volume,1,0,0
2,1990,Surface/Volume,1,2,0
3,1990,Surface/Volume,1,4,0
4,1990,Surface/Volume,1,6,0
5,1990,Surface/Volume,1,8,0
6,1990,Surface/Volume,1,10,0
7,1990,Surface/Volume,1,12,0
8,1990,Surface/Volume,1,14,0
9,1990,Surface/Volume,1,16,0
10,1990,Surface/Volume,1,18,0
11,1990,Surface/Volume,1,20,0
12,1990,Surface/Volume,1,22,0
13,1990,Surface/Volume,1,24,0
14,1990,Surface/Volume,1,26,0
15,1990,Surface/Volume,1,28,0
16,1990,Surface/Volume,1,30,0
17,1990,Surface/Volume,1,32,0
18,1990,Surface/Volume,1,34,0
19,1990,Surface/Volume,1,36,0
20,1990,Surface/Volume,1,38,0
21,1990,Surface/Volume,1,40,0
22,1990,Surface/Volume,1,42,0
23,1990,Surface/Volume,1,44,0
24,1990,Surface/Volume,1,46,0
25,1990,Surface/Volume,1,48,0
26,1990,Surface/Volume,1,50,0
27,1990,Surface/Volume,1,52,0
28,1990,Surface/Volume,1,54,0
29,1990,Surface/Volume,1,56,0
30,1990,Surface/Volume,1,58,0
31,1990,Surface/Volume,1,60,0
32,1990,Surface/Volume,1,62,0
33,1990,Surface/Volume,1,64,0
34,1990,Surface/Volume,1,0,1
35,1990,Surface/Volume,1,2,1
36,1990,Surface/Volume,1,4,1
37,1990,Surface/Volume,1,6,1
38,1990,Surface/Volume,1,8,1
39,1990,Surface/Volume,1,10,1
40,1990,Surface/Volume,1,12,1
41,1990,Surface/Volume,1,14,1
42,1990,Surface/Volume,1,16,1
43,1990,Surface/Volume,1,18,1
44,1990,Surface/Volume,1,20,1
45,1990,Surface/Volume,1,22,1
46,1990,Surface/Volume,1,24,1
47,1990,Surface/Volume,1,26,1
48,1990,Surface/Volume,1,28,1
49,1990,Surface/Volume,1,30,1
50,1990,Surface/Volume,1,32,1
51,1990,Surface/Volume,1,34,1
52,1990,Surface/Volume,1,36,1
53,1990,Surface/Volume,1,38,1
54,1990,Surface/Volume,1,40,1
55,1990,Surface/Volume,1,42,1
56,1990,Surface/Volume,1,44,1
57,1990,Surface/Volume,1,46,1
58,1990,Surface/Volume,1,48,1
59,1990,Surface/Volume,1,50,1
60,1990,Surface/Volume,1,52,1
61,1990,Surface/Volume,1,54,1
62,1990,Surface/Volume,1,56,1
63,1990,Surface/Volume,1,58,1
64,1990,Surface/Volume,1,60,1
65,1990,Surface/Volume,1,62,1
66,1990,Surface/Volume,1,64,1
67,1990,Surface/Volume,1,0,2
68,1995,Surface/Volume,1,2,2
69,1995,Surface/Volume,1,4,2
70,1995,Surface/Volume,1,6,2
71,1995,Surface/Volume,1,8,2
72,1995,Surface/Volume,1,10,2
73,1995,Surface/Volume,1,12,2
74,1995,Surface/Volume,1,14,2
75,1995,Surface/Volume,1,16,2
76,1995,Surface/Volume,1,18,2
77,1995,Surface/Volume,1,20,2
78,1995,Surface/Volume,1,22,2
79,1995,Surface/Volume,1,24,2
80,1995,Surface/Volume,1,26,2
81,1995,Surface/Volume,1,28,2
82,1995,Surface/Volume,1,30,2
83,1995,Surface/Volume,1,32,2
84,1995,Surface/Volume,1,34,2
85,1995,Surface/Volume,1,36,2
86,1995,Surface/Volume,1,38,2
87,1995,Surface/Volume,1,40,2
88,1995,Surface/Volume,1,42,2
89,1995,Surface/Volume,1,44,2
90,1995,Surface/Volume,1,46,2
91,1995,Surface/Volume,1,48,2
92,1995,Surface/Volume,1,50,2
93,1995,Surface/Volume,1,52,2
94,1995,Surface/Volume,1,54,2
95,1995,Surface/Volume,1,56,2
96,1995,Surface/Volume,1,58,2
97,1995,Surface/Volume,1,60,2
98,1995,Surface/Volume,1,62,2
99,1995,Surface/Volume,1,64,2
100,1995,Surface/Volume,1,0,3
101,1995,Surface/Volume,1,2,3
102,1995,Surface/Volume,1,4,3
103,1995,Surface/Volume,1,6,3
104,1995,Surface/Volume,1,8,3
105,1995,Surface/Volume,1,10,3
106,1995,Surface/Volume,1,12,3
107,1995,Surface/Volume,1,14,3
108,1995,Surface/Volume,1,16,3
109,1995,Surface/Volume,1,18,3
110,1995,Surface/Volume,1,20,3
111,1995,Surface/Volume,1,22,3
112,1995,Surface/Volume,1,24,3
113,1995,Surface/Volume,1,26,3
114,1995,Surface/Volume,1,28,3
115,1995,Surface/Volume,1,30,3
116,1995,Surface/Volume,1,32,3
117,1995,Surface/Volume,1,34,3
118,1995,Surface/Volume,1,36,3
119,1995,Surface/Volume,1,38,3
120,1995,Surface/Volume,1,40,3
121,1995,Surface/Volume,1,42,3
122,1995,Surface/Volume,1,44,3
123,1995,Surface/Volume,1,46,3
124,1995,Surface/Volume,1,48,3
125,1995,Surface/Volume,1,50,3
126,1995,Surface/Volume,1,52,3
127,1995,Surface/Volume,1,54,3
128,1995,Surface/Volume,1,56,3
129,1995,Surface/Volume,1,58,3
130,1995,Surface/Volume,1,60,3
131,1995,Surface/Volume,1,62,3
132,1995,Surface/Volume,1,64,3
133,1995,Surface/Volume,1,0,4
134,1995,Surface/Volume,1,2,4
135,1995,Surface/Volume,1,4,4
136,1995,Surface/Volume,1,6,4
137,1995,Surface/Volume,1,8,4
138,1995,Surface/Volume,1,10,4
139,1995,Surface/Volume,1,12,4
140,1995,Surface/Volume,1,14,4
141,1995,Surface/Volume,1,16,4
142,2000,Surface/Volume,1,18,4
143,2000,Surface/Volume,1,20,4
144,2000,Surface/Volume,1,22,4
145,2000,Surface/Volume,1,24,4
146,2000,Surface/Volume,1,26,4
147,2000,Surface/Volume,1,28,4
148,2000,Surface/Volume,1,30,4
149,2000,Surface/Volume,1,32,4
150,2000,Surface/Volume,1,34,4
151,2000,Surface/Volume,1,36,4
152,2000,Surface/Volume,1,38,4
153,2000,Surface/Volume,1,40,4
154,2000,Surface/Volume,1,42,4
155,2000,Surface/Volume,1,44,4
156,2000,Surface/Volume,1,46,4
157,2000,Surface/Volume,1,48,4
158,2000,Surface/Volume,1,50,4
159,2000,Surface/Volume,1,52,4
160,2000,Surface/Volume,1,54,4
161,2000,Surface/Volume,1,56,4
162,2000,Surface/Volume,1,58,4
163,2000,Surface/Volume,1,60,4
164,2000,Surface/Volume,1,62,4
165,2000,Surface/Volume,1,64,4
166,2000,Surface/Volume,1,0,5
167,2000,Surface/Volume,1,2,5
168,2000,Surface/Volume,1,4,5
169,2000,Surface/Volume,1,6,5
170,2000,Surface/Volume,1,8,5
171,2000,Surface/Volume,1,10,5
172,2000,Surface/Volume,1,12,5
173,2000,Surface/Volume,1,14,5
174,2000,Surface/Volume,1,16,5
175,2000,Surface/Volume,1,18,5
176,2000,Surface/Volume,1,20,5
177,2000,Surface/Volume,1,22,5
178,2000,Surface/Volume,1,24,5
179,2000,Surface/Volume,1,26,5
180,2000,Surface/Volume,1,28,5
181,2000,Surface/Volume,1,30,5
182,2000,Surface/Volume,1,32,5
183,2000,Surface/Volume,1,34,5
184,2000,Surface/Volume,1,36,5
185,2000,Surface/Volume,1,38,5
186,2000,Surface/Volume,1,40,5
187,2000,Surface/Volume,1,42,5
188,2000,Surface/Volume,1,44,5
189,2000,Surface/Volume,1,46,5
190,2000,Surface/Volume,1,48,5
191,2000,Surface/Volume,1,50,5
192,2000,Surface/Volume,1,52,5
193,2000,Surface/Volume,1,54,5
194,2000,Surface/Volume,1,56,5
195,2000,Surface/Volume,1,58,5
196,2000,Surface/Volume,1,60,5
197,2000,Surface/Volume,1,62,5
198,2000,Surface/Volume,1,64,5
199,2000,Surface/Volume,1,0,6
200,2000,Surface/Volume,1,2,6
201,2000,Surface/Volume,1,4,6
202,2000,Surface/Volume,1,6,6
203,2000,Surface/Volume,1,8,6
204,2000,Surface/Volume,1,10,6
205,2000,Surface/Volume,1,12,6
206,2000,Surface/Volume,1,14,6
207,2000,Surface/Volume,1,16,6
208,2000,Surface/Volume,1,18,6
209,2000,Surface/Volume,1,20,6
210,2000,Surface/Volume,1,22,6
211,2000,Surface/Volume,1,24,6
212,2000,Surface/Volume,1,26,6
213,2000,Surface/Volume,1,28,6
214,2000,Surface/Volume,1,30,6
215,2000,Surface/Volume,1,32,6
216,2000,Surface/Volume,1,34,6
217,2000,Surface/Volume,1,36,6
218,2000,Surface/Volume,1,38,6
219,2000,Surface/Volume,1,40,6
220,2000,Surface/Volume,1,42,6
221,2000,Surface/Volume,1,44,6
222,2000,Surface/Volume,1,46,6
223,2000,Surface/Volume,1,48,6
224,2000,Surface/Volume,1,50,6
225,2000,Surface/Volume,1,52,6
226,2000,Surface/Volume,1,54,6
227,2000,Surface/Volume,1,56,6
228,2000,Surface/Volume,1,58,6
229,2000,Surface/Volume,1,60,6
230,2000,Surface/Volume,1,62,6
231,2000,Surface/Volume,1,64,6
232,2000,Surface/Volume,1,0,7
233,2000,Surface/Volume,1,2,7
234,2000,Surface/Volume,1,4,7
235,2000,Surface/Volume,1,6,7
236,2000,Surface/Volume,1,8,7
237,2000,Surface/Volume,1,10,7
238,2000,Surface/Volume,1,12,7
239,2000,Surface/Volume,1,14,7
240,2000,Surface/Volume,1,16,7
241,2000,Surface/Volume,1,18,7
242,2000,Surface/Volume,1,20,7
243,2000,Surface/Volume,1,22,7
244,2000,Surface/Volume,1,24,7
245,2000,Surface/Volume,1,26,7
246,2000,Surface/Volume,1,28,7
247,2000,Surface/Volume,1,30,7
248,2000,Surface/Volume,1,32,7
249,2000,Surface/Volume,1,34,7
250,2000,Surface/Volume,1,36,7
251,2000,Surface/Volume,1,38,7
252,2000,Surface/Volume,1,40,7
253,2000,Surface/Volume,1,42,7
254,2000,Surface/Volume,1,44,7
255,2000,Surface/Volume,1,46,7
256,2000,Surface/Volume,1,48,7
257,2005,Surface/Volume,1,50,7
258,2005,Surface/Volume,1,52,7
259,2005,Surface/Volume,1,54,7
260,2005,Surface/Volume,1,56,7
261,2005,Surface/Volume,1,58,7
262,2005,Surface/Volume,1,60,7
263,2005,Surface/Volume,1,62,7
264,2005,Surface/Volume,1,64,7
265,2005,Surface/Volume,1,0,8
266,2005,Surface/Volume,1,2,8
267,2005,Surface/Volume,1,4,8
268,2005,Surface/Volume,1,6,8
269,2005,Surface/Volume,1,8,8
270,2005,Surface/Volume,1,10,8
271,2005,Surface/Volume,1,12,8
272,2005,Surface/Volume,1,14,8
273,2005,Surface/Volume,1,16,8
274,2005,Surface/Volume,1,18,8
275,2005,Surface/Volume,1,20,8
276,2005,Surface/Volume,1,22,8
277,2005,Surface/Volume,1,24,8
278,2005,Surface/Volume,1,26,8
279,2005,Surface/Volume,1,28,8
280,2005,Surface/Volume,1,30,8
281,2005,Surface/Volume,1,32,8
282,2005,Surface/Volume,1,34,8
283,2005,Surface/Volume,1,36,8
284,2005,Surface/Volume,1,38,8
285,2005,Surface/Volume,1,40,8
286,2005,Surface/Volume,1,42,8
287,2005,Surface/Volume,1,44,8
288,2005,Surface/Volume,1,46,8
289,2005,Surface/Volume,1,48,8
290,2005,Surface/Volume,1,50,8
291,2005,Surface/Volume,1,52,8
292,2005,Surface/Volume,1,54,8
293,2005,Surface/Volume,1,56,8
294,2005,Surface/Volume,1,58,8
295,2005,Surface/Volume,1,60,8
296,2005,Surface/Volume,1,62,8
297,2005,Surface/Volume,1,64,8
298,2005,Surface/Volume,1,0,9
299,2005,Surface/Volume,1,2,9
300,2005,Surface/Volume,1,4,9
301,2005,Surface/Volume,1,6,9
302,2005,Surface/Volume,1,8,9
303,2005,Surface/Volume,1,10,9
304,2005,Surface/Volume,1,12,9
305,2005,Surface/Volume,1,14,9
306,2005,Surface/Volume,1,16,9
307,2005,Surface/Volume,1,18,9
308,2005,Surface/Volume,1,20,9
309,2005,Surface/Volume,1,22,9
310,2005,Surface/Volume,1,24,9
311,2005,Surface/Volume,1,26,9
312,2005,Surface/Volume,1,28,9
313,2005,Surface/Volume,1,30,9
314,2005,Surface/Volume,1,32,9
315,2005,Surface/Volume,1,34,9
316,2005,Surface/Volume,1,36,9
317,2005,Surface/Volume,1,38,9
318,2005,Surface/Volume,1,40,9
319,2005,Surface/Volume,1,42,9
320,2005,Surface/Volume,1,44,9
321,2005,Surface/Volume,1,46,9
322,2005,Surface/Volume,1,48,9
323,2005,Surface/Volume,1,50,9
324,2005,Surface/Volume,1,52,9
325,2005,Surface/Volume,1,54,9
326,2005,Surface/Volume,1,56,9
327,2005,Surface/Volume,1,58,9
328,2005,Surface/Volume,1,60,9
329,2005,Surface/Volume,1,62,9
330,2005,Surface/Volume,1,64,9
331,2005,Surface/Volume,1,0,10
332,2005,Surface/Volume,1,2,10
333,2005,Surface/Volume,1,4,10
334,2005,Surface/Volume,1,6,10
335,2005,Surface/Volume,1,8,10
336,2005,Surface/Volume,1,10,10
337,2005,Surface/Volume,1,12,10
338,2005,Surface/Volume,1,14,10
339,2005,Surface/Volume,1,16,10
340,2005,Surface/Volume,1,18,10
341,2005,Surface/Volume,1,20,10
342,2005,Surface/Volume,1,22,10
343,2005,Surface/Volume,1,24,10
344,2005,Surface/Volume,1,26,10
345,2005,Surface/Volume,1,28,10
346,2005,Surface/Volume,1,30,10
347,2005,Surface/Volume,1,32,10
348,2005,Surface/Volume,1,34,10
349,2005,Surface/Volume,1,36,10
350,2005,Surface/Volume,1,38,10
351,2005,Surface/Volume,1,40,10
352,2005,Surface/Volume,1,42,10
353,2005,Surface/Volume,1,44,10
354,2005,Surface/Volume,1,46,10
355,2005,Surface/Volume,1,48,10
356,2005,Surface/Volume,1,50,10
357,2005,Surface/Volume,1,52,10
358,2005,Surface/Volume,1,54,10
359,2005,Surface/Volume,1,56,10
360,2005,Surface/Volume,1,58,10
361,2005,Surface/Volume,1,60,10
362,2005,Surface/Volume,1,62,10
363,2005,Surface/Volume,1,64,10
364,2005,Surface/Volume,1,0,11
365,2005,Surface/Volume,1,2,11
366,2005,Surface/Volume,1,4,11
367,2005,Surface/Volume,1,6,11
368,2005,Surface/Volume,1,8,11
369,2005,Surface/Volume,1,10,11
370,2005,Surface/Volume,1,12,11
371,2005,Surface/Volume,1,14,11
372,2005,Surface/Volume,1,16,11
373,2005,Surface/Volume,1,18,11
374,2005,Surface/Volume,1,20,11
375,2005,Surface/Volume,1,22,11
376,2005,Surface/Volume,1,24,11
377,2005,Surface/Volume,1,26,11
378,2005,Surface/Volume,1,28,11
379,2005,Surface/Volume,1,30,11
380,2005,Surface/Volume,1,32,11
381,2005,Surface/Volume,1,34,11
382,2005,Surface/Volume,1,36,11
383,2005,Surface/Volume,1,38,11
384,2005,Surface/Volume,1,40,11
385,2005,Surface/Volume,1,42,11
386,2005,Surface/Volume,1,44,11
387,2005,Surface/Volume,1,46,11
388,2005,Surface/Volume,1,48,11
389,2005,Surface/Volume,1,50,11
390,2005,Surface/Volume,1,52,11
391,2005,Surface/Volume,1,54,11
392,2005,Surface/Volume,1,56,11
393,2005,Surface/Volume,1,58,11
394,2005,Surface/Volume,1,60,11
395,2005,Surface/Volume,1,62,11
396,2005,Surface/Volume,1,64,11
397,2005,Surface/Volume,1,0,12
398,2005,Surface/Volume,1,2,12
399,2005,Surface/Volume,1,4,12
400,2005,Surface/Volume,1,6,12
401,2005,Surface/Volume,1,8,12
402,2005,Surface/Volume,1,10,12
403,2005,Surface/Volume,1,12,12
404,2005,Surface/Volume,1,14,12
405,2005,Surface/Volume,1,16,12
406,2005,Surface/Volume,1,18,12
407,2005,Surface/Volume,1,20,12
408,2005,Surface/Volume,1,22,12
409,2005,Surface/Volume,1,24,12
410,2010,Surface/Volume,1,26,12
411,2010,Surface/Volume,1,28,12
412,2010,Surface/Volume,1,30,12
413,2010,Surface/Volume,1,32,12
414,2010,Surface/Volume,1,34,12
415,2010,Surface/Volume,1,36,12
416,2010,Surface/Volume,1,38,12
417,2010,Surface/Volume,1,40,12
418,2010,Surface/Volume,1,42,12
419,2010,Surface/Volume,1,44,12
420,2010,Surface/Volume,1,46,12
421,2010,Surface/Volume,1,48,12
422,2010,Surface/Volume,1,50,12
423,2010,Surface/Volume,1,52,12
424,2010,Surface/Volume,1,54,12
425,2010,Surface/Volume,1,56,12
426,2010,Surface/Volume,1,58,12
427,2010,Surface/Volume,1,60,12
428,2010,Surface/Volume,1,62,12
429,2010,Surface/Volume,1,64,12
430,2010,Surface/Volume,1,0,13
431,2010,Surface/Volume,1,2,13
432,2010,Surface/Volume,1,4,13
433,2010,Surface/Volume,1,6,13
434,2010,Surface/Volume,1,8,13
435,2010,Surface/Volume,1,10,13
436,2010,Surface/Volume,1,12,13
437,2010,Surface/Volume,1,14,13
438,2010,Surface/Volume,1,16,13
439,2010,Surface/Volume,1,18,13
440,2010,Surface/Volume,1,20,13
441,2010,Surface/Volume,1,22,13
442,2010,Surface/Volume,1,24,13
443,2010,Surface/Volume,1,26,13
444,2010,Surface/Volume,1,28,13
445,2010,Surface/Volume,1,30,13
446,2010,Surface/Volume,1,32,13
447,2010,Surface/Volume,1,34,13
448,2010,Surface/Volume,1,36,13
449,2010,Surface/Volume,1,38,13
450,2010,Surface/Volume,1,40,13
451,2010,Surface/Volume,1,42,13
452,2010,Surface/Volume,1,44,13
453,2010,Surface/Volume,1,46,13
454,2010,Surface/Volume,1,48,13
455,2010,Surface/Volume,1,50,13
456,2010,Surface/Volume,1,52,13
457,2010,Surface/Volume,1,54,13
458,2010,Surface/Volume,1,56,13
459,2010,Surface/Volume,1,58,13
460,2010,Surface/Volume,1,60,13
461,2010,Surface/Volume,1,62,13
462,2010,Surface/Volume,1,64,13
463,2010,Surface/Volume,1,0,14
464,2010,Surface/Volume,1,2,14
465,2010,Surface/Volume,1,4,14
466,2010,Surface/Volume,1,6,14
467,2010,Surface/Volume,1,8,14
468,2010,Surface/Volume,1,10,14
469,2010,Surface/Volume,1,12,14
470,2010,Surface/Volume,1,14,14
471,2010,Surface/Volume,1,16,14
472,2010,Surface/Volume,1,18,14
473,2010,Surface/Volume,1,20,14
474,2010,Surface/Volume,1,22,14
475,2010,Surface/Volume,1,24,14
476,2010,Surface/Volume,1,26,14
477,2010,Surface/Volume,1,28,14
478,2010,Surface/Volume,1,30,14
479,2010,Surface/Volume,1,32,14
480,2010,Surface/Volume,1,34,14
481,2010,Surface/Volume,1,36,14
482,2010,Surface/Volume,1,38,14
483,2010,Surface/Volume,1,40,14
484,2010,Surface/Volume,1,42,14
485,2010,Surface/Volume,1,44,14
486,2010,Surface/Volume,1,46,14
487,2010,Surface/Volume,1,48,14
488,2010,Surface/Volume,1,50,14
489,2010,Surface/Volume,1,52,14
490,2010,Surface/Volume,1,54,14
491,2010,Surface/Volume,1,56,14
492,2010,Surface/Volume,1,58,14
493,2010,Surface/Volume,1,60,14
494,2010,Surface/Volume,1,62,14
495,2010,Surface/Volume,1,64,14
496,2010,Surface/Volume,1,0,15
497,2010,Surface/Volume,1,2,15
498,2010,Surface/Volume,1,4,15
499,2010,Surface/Volume,1,6,15
500,2010,Surface/Volume,1,8,15
501,2010,Surface/Volume,1,10,15
502,2010,Surface/Volume,1,12,15
503,2010,Surface/Volume,1,14,15
504,2010,Surface/Volume,1,16,15
505,2015,Surface/Volume,1,18,15
506,2015,Surface/Volume,1,20,15
507,2015,Surface/Volume,1,22,15
508,2015,Surface/Volume,1,24,15
509,2015,Surface/Volume,1,26,15
510,2015,Surface/Volume,1,28,15
511,2015,Surface/Volume,1,30,15
512,2015,Surface/Volume,1,32,15
513,2015,Surface/Volume,1,34,15
514,2015,Surface/Volume,1,36,15
515,2015,Surface/Volume,1,38,15
516,2015,Surface/Volume,1,40,15
517,2015,Surface/Volume,1,42,15
518,2015,Surface/Volume,1,44,15
519,2015,Surface/Volume,1,46,15
520,2015,Surface/Volume,1,48,15
521,2015,Surface/Volume,1,50,15
522,2015,Surface/Volume,1,52,15
523,2015,Surface/Volume,1,54,15
524,2015,Surface/Volume,1,56,15
525,2015,Surface/Volume,1,58,15
526,2015,Surface/Volume,1,60,15
527,2015,Surface/Volume,1,62,15
528,2015,Surface/Volume,1,64,15
529,2015,Surface/Volume,1,0,16
530,2015,Surface/Volume,1,2,16
531,2015,Surface/Volume,1,4,16
532,2015,Surface/Volume,1,6,16
533,2015,Surface/Volume,1,8,16
534,2015,Surface/Volume,1,10,16
535,2015,Surface/Volume,1,12,16
536,2015,Surface/Volume,1,14,16
537,2015,Surface/Volume,1,16,16
538,2015,Surface/Volume,1,18,16
539,2015,Surface/Volume,1,20,16
540,2015,Surface/Volume,1,22,16
541,2015,Surface/Volume,1,24,16
542,2015,Surface/Volume,1,26,16
543,2015,Surface/Volume,1,28,16
544,2015,Surface/Volume,1,30,16
545,2015,Surface/Volume,1,32,16
546,2015,Surface/Volume,1,34,16
547,2015,Surface/Volume,1,36,16
548,2015,Surface/Volume,1,38,16
549,2015,Surface/Volume,1,40,16
550,2015,Surface/Volume,1,42,16
551,2015,Surface/Volume,1,44,16
552,2015,Surface/Volume,1,46,16
553,2015,Surface/Volume,1,48,16
554,2015,Surface/Volume,1,50,16
555,2015,Surface/Volume,1,52,16
556,2015,Surface/Volume,1,54,16
557,2015,Surface/Volume,1,56,16
558,2015,Surface/Volume,1,58,16
559,2015,Surface/Volume,1,60,16
560,2015,Surface/Volume,1,62,16
561,2015,Surface/Volume,1,64,16
562,2015,Surface/Volume,1,0,17
563,2015,Surface/Volume,1,2,17
564,2015,Surface/Volume,1,4,17
565,2015,Surface/Volume,1,6,17
566,2015,Surface/Volume,1,8,17
567,2020,Surface/Volume,1,10,17
568,2020,Surface/Volume,1,12,17
569,2020,Surface/Volume,1,14,17
570,2020,Surface/Volume,1,16,17
571,2020,Surface/Volume,1,18,17
572,2020,Surface/Volume,1,20,17
573,2020,Surface/Volume,1,22,17
574,2020,Surface/Volume,1,24,17
575,2020,Surface/Volume,1,26,17
576,2020,Surface/Volume,1,28,17
577,2020,Surface/Volume,1,30,17
578,2020,Surface/Volume,1,32,17
579,2020,Surface/Volume,1,34,17
580,2020,Surface/Volume,1,36,17
581,2020,Surface/Volume,1,38,17
582,2020,Surface/Volume,1,40,17
583,2020,Surface/Volume,1,42,17
584,2020,Surface/Volume,1,44,17
585,2020,Surface/Volume,1,46,17
586,2020,Surface/Volume,1,48,17
587,2020,Surface/Volume,1,50,17
588,2020,Surface/Volume,1,52,17
589,2020,Surface/Volume,1,54,17
590,2020,Surface/Volume,1,56,17
591,2020,Surface/Volume,1,58,17
592,2020,Surface/Volume,1,60,17
593,2020,Surface/Volume,1,62,17
594,2020,Surface/Volume,1,64,17
595,2020,Surface/Volume,1,0,18
596,2020,Surface/Volume,1,2,18
597,2020,Surface/Volume,1,4,18
598,2020,Surface/Volume,1,6,18
599,2020,Surface/Volume,1,8,18
600,2020,Surface/Volume,1,10,18
601,2020,Surface/Volume,1,12,18
602,2020,Surface/Volume,1,14,18
603,2020,Surface/Volume,1,16,18
604,2020,Surface/Volume,1,18,18
605,2020,Surface/Volume,1,20,18
606,2020,Surface/Volume,1,22,18
607,2020,Surface/Volume,1,24,18
608,2020,Surface/Volume,1,26,18
609,2020,Surface/Volume,1,28,18
610,2020,Surface/Volume,1,30,18
611,2020,Surface/Volume,1,32,18
612,2020,Surface/Volume,1,34,18
613,2020,Surface/Volume,1,36,18
614,2020,Surface/Volume,1,38,18
615,2020,Surface/Volume,1,40,18
616,2020,Surface/Volume,1,42,18
617,2020,Surface/Volume,1,44,18
618,2020,Surface/Volume,1,46,18
619,2020,Surface/Volume,1,48,18
620,2020,Surface/Volume,1,50,18
621,2020,Surface/Volume,1,52,18
622,2020,Surface/Volume,1,54,18
623,2020,Surface/Volume,1,56,18
624,2020,Surface/Volume,1,58,18
625,2020,Surface/Volume,1,60,18
626,2020,Surface/Volume,1,62,18
627,2020,Surface/Volume,1,64,18
628,1990,Surface/Volume,1,0,19
629,1990,Surface/Volume,1,2,19
630,1995,Surface/Volume,1,4,19
631,2000,Surface/Volume,1,6,19
632,2000,Surface/Volume,1,8,19
633,2005,Surface/Volume,1,10,19
634,2010,Surface/Volume,1,12,19
635,2015,Surface/Volume,1,14,19
636,2020,Surface/Volume,1,16,19
637,2020,Surface/Volume,1,18,19
638,1995,Surface/Volume,0,20,19
639,1995,Surface/Volume,0,22,19
640,1995,Surface/Volume,0,24,19
641,2000,Surface/Volume,0,26,19
642,2000,Surface/Volume,0,28,19
643,2000,Surface/Volume,0,30,19
644,2000,Surface/Volume,0,32,19
645,2005,Surface/Volume,0,34,19
646,2005,Surface/Volume,0,36,19
647,2005,Surface/Volume,0,38,19
648,2005,Surface/Volume,0,40,19
649,2005,Surface/Volume,0,42,19
650,2005,Surface/Volume,0,44,19
651,2010,Surface/Volume,0,46,19
652,2010,Surface/Volume,0,48,19
653,2010,Surface/Volume,0,50,19
654,2010,Surface/Volume,0,52,19
655,2015,Surface/Volume,0,54,19
656,2015,Surface/Volume,0,56,19
657,2015,Surface/Volume,0,58,19
658,2015,Surface/Volume,0,60,19
659,2015,Surface/Volume,0,62,19
660,2015,Surface/Volume,0,64,19
661,2015,Surface/Volume,0,0,20
662,2020,Surface/Volume,0,2,20
663,2020,Surface/Volume,0,4,20
664,2020,Surface/Volume,0,6,20
665,2020,Surface/Volume,0,8,20
666,1990,Line,1,74,0
667,1990,Line,1,76,0
668,1990,Line,1,78,0
669,1990,Line,1,80,0
670,1990,Line,1,82,0
671,1990,Line,1,84,0
672,1990,Line,1,86,0
673,1990,Line,1,88,0
674,1990,Line,1,90,0
675,1990,Line,1,92,0
676,1990,Line,1,94,0
677,1990,Line,1,96,0
678,1990,Line,1,98,0
679,1990,Line,1,100,0
680,1990,Line,1,102,0
681,1990,Line,1,104,0
682,1990,Line,1,106,0
683,1990,Line,1,108,0
684,1990,Line,1,110,0
685,1990,Line,1,112,0
686,1990,Line,1,114,0
687,1990,Line,1,74,1
688,1990,Line,1,76,1
689,1990,Line,1,78,1
690,1995,Line,1,80,1
691,1995,Line,1,82,1
692,1995,Line,1,84,1
693,1995,Line,1,86,1
694,1995,Line,1,88,1
695,1995,Line,1,90,1
696,1995,Line,1,92,1
697,1995,Line,1,94,1
698,1995,Line,1,96,1
699,1995,Line,1,98,1
700,1995,Line,1,100,1
701,1995,Line,1,102,1
702,1995,Line,1,104,1
703,1995,Line,1,106,1
704,1995,Line,1,108,1
705,1995,Line,1,110,1
706,1995,Line,1,112,1
707,1995,Line,1,114,1
708,1995,Line,1,74,2
709,1995,Line,1,76,2
710,1995,Line,1,78,2
711,1995,Line,1,80,2
712,1995,Line,1,82,2
713,1995,Line,1,84,2
714,1995,Line,1,86,2
715,1995,Line,1,88,2
716,1995,Line,1,90,2
717,1995,Line,1,92,2
718,1995,Line,1,94,2
719,1995,Line,1,96,2
720,1995,Line,1,98,2
721,1995,Line,1,100,2
722,1995,Line,1,102,2
723,1995,Line,1,104,2
724,1995,Line,1,106,2
725,1995,Line,1,108,2
726,2000,Line,1,110,2
727,2000,Line,1,112,2
728,2000,Line,1,114,2
729,2000,Line,1,74,3
730,2000,Line,1,76,3
731,2000,Line,1,78,3
732,2000,Line,1,80,3
733,2000,Line,1,82,3
734,2000,Line,1,84,3
735,2000,Line,1,86,3
736,2000,Line,1,88,3
737,2000,Line,1,90,3
738,2000,Line,1,92,3
739,2000,Line,1,94,3
740,2000,Line,1,96,3
741,2000,Line,1,98,3
742,2000,Line,1,100,3
743,2000,Line,1,102,3
744,2000,Line,1,104,3
745,2000,Line,1,106,3
746,2000,Line,1,108,3
747,2000,Line,1,110,3
748,2000,Line,1,112,3
749,2000,Line,1,114,3
750,2000,Line,1,74,4
751,2000,Line,1,76,4
752,2000,Line,1,78,4
753,2000,Line,1,80,4
754,2000,Line,1,82,4
755,2000,Line,1,84,4
756,2000,Line,1,86,4
757,2000,Line,1,88,4
758,2000,Line,1,90,4
759,2000,Line,1,92,4
760,2000,Line,1,94,4
761,2000,Line,1,96,4
762,2000,Line,1,98,4
763,2000,Line,1,100,4
764,2000,Line,1,102,4
765,2000,Line,1,104,4
766,2000,Line,1,106,4
767,2000,Line,1,108,4
768,2000,Line,1,110,4
769,2000,Line,1,112,4
770,2000,Line,1,114,4
771,2000,Line,1,74,5
772,2000,Line,1,76,5
773,2000,Line,1,78,5
774,2000,Line,1,80,5
775,2000,Line,1,82,5
776,2000,Line,1,84,5
777,2000,Line,1,86,5
778,2000,Line,1,88,5
779,2000,Line,1,90,5
780,2000,Line,1,92,5
781,2000,Line,1,94,5
782,2000,Line,1,96,5
783,2000,Line,1,98,5
784,2000,Line,1,100,5
785,2005,Line,1,102,5
786,2005,Line,1,104,5
787,2005,Line,1,106,5
788,2005,Line,1,108,5
789,2005,Line,1,110,5
790,2005,Line,1,112,5
791,2005,Line,1,114,5
792,2005,Line,1,74,6
793,2005,Line,1,76,6
794,2005,Line,1,78,6
795,2005,Line,1,80,6
796,2005,Line,1,82,6
797,2005,Line,1,84,6
798,2005,Line,1,86,6
799,2005,Line,1,88,6
800,2005,Line,1,90,6
801,2005,Line,1,92,6
802,2005,Line,1,94,6
803,2005,Line,1,96,6
804,2005,Line,1,98,6
805,2005,Line,1,100,6
806,2005,Line,1,102,6
807,2005,Line,1,104,6
808,2005,Line,1,106,6
809,2005,Line,1,108,6
810,2005,Line,1,110,6
811,2005,Line,1,112,6
812,2005,Line,1,114,6
813,2005,Line,1,74,7
814,2005,Line,1,76,7
815,2005,Line,1,78,7
816,2005,Line,1,80,7
817,2005,Line,1,82,7
818,2005,Line,1,84,7
819,2005,Line,1,86,7
820,2005,Line,1,88,7
821,2005,Line,1,90,7
822,2005,Line,1,92,7
823,2005,Line,1,94,7
824,2005,Line,1,96,7
825,2005,Line,1,98,7
826,2005,Line,1,100,7
827,2005,Line,1,102,7
828,2005,Line,1,104,7
829,2005,Line,1,106,7
830,2005,Line,1,108,7
831,2005,Line,1,110,7
832,2005,Line,1,112,7
833,2005,Line,1,114,7
834,2005,Line,1,74,8
835,2005,Line,1,76,8
836,2005,Line,1,78,8
837,2005,Line,1,80,8
838,2005,Line,1,82,8
839,2005,Line,1,84,8
840,2005,Line,1,86,8
841,2005,Line,1,88,8
842,2005,Line,1,90,8
843,2005,Line,1,92,8
844,2005,Line,1,94,8
845,2005,Line,1,96,8
846,2005,Line,1,98,8
847,2005,Line,1,100,8
848,2005,Line,1,102,8
849,2005,Line,1,104,8
850,2005,Line,1,106,8
851,2005,Line,1,108,8
852,2005,Line,1,110,8
853,2005,Line,1,112,8
854,2005,Line,1,114,8
855,2005,Line,1,74,9
856,2005,Line,1,76,9
857,2005,Line,1,78,9
858,2005,Line,1,80,9
859,2005,Line,1,82,9
860,2005,Line,1,84,9
861,2005,Line,1,86,9
862,2005,Line,1,88,9
863,2005,Line,1,90,9
864,2010,Line,1,92,9
865,2010,Line,1,94,9
866,2010,Line,1,96,9
867,2010,Line,1,98,9
868,2010,Line,1,100,9
869,2010,Line,1,102,9
870,2010,Line,1,104,9
871,2010,Line,1,106,9
872,2010,Line,1,108,9
873,2010,Line,1,110,9
874,2010,Line,1,112,9
875,2010,Line,1,114,9
876,2010,Line,1,74,10
877,2010,Line,1,76,10
878,2010,Line,1,78,10
879,2010,Line,1,80,10
880,2010,Line,1,82,10
881,2010,Line,1,84,10
882,2010,Line,1,86,10
883,2010,Line,1,88,10
884,2010,Line,1,90,10
885,2010,Line,1,92,10
886,2010,Line,1,94,10
887,2010,Line,1,96,10
888,2010,Line,1,98,10
889,2010,Line,1,100,10
890,2010,Line,1,102,10
891,2010,Line,1,104,10
892,2010,Line,1,106,10
893,2010,Line,1,108,10
894,2010,Line,1,110,10
895,2010,Line,1,112,10
896,2010,Line,1,114,10
897,2010,Line,1,74,11
898,2010,Line,1,76,11
899,2010,Line,1,78,11
900,2010,Line,1,80,11
901,2010,Line,1,82,11
902,2010,Line,1,84,11
903,2010,Line,1,86,11
904,2010,Line,1,88,11
905,2010,Line,1,90,11
906,2010,Line,1,92,11
907,2010,Line,1,94,11
908,2010,Line,1,96,11
909,2010,Line,1,98,11
910,2010,Line,1,100,11
911,2010,Line,1,102,11
912,2010,Line,1,104,11
913,2010,Line,1,106,11
914,2010,Line,1,108,11
915,2010,Line,1,110,11
916,2010,Line,1,112,11
917,2010,Line,1,114,11
918,2010,Line,1,74,12
919,2010,Line,1,76,12
920,2010,Line,1,78,12
921,2010,Line,1,80,12
922,2010,Line,1,82,12
923,2010,Line,1,84,12
924,2010,Line,1,86,12
925,2010,Line,1,88,12
926,2010,Line,1,90,12
927,2015,Line,1,92,12
928,2015,Line,1,94,12
929,2015,Line,1,96,12
930,2015,Line,1,98,12
931,2015,Line,1,100,12
932,2015,Line,1,102,12
933,2015,Line,1,104,12
934,2015,Line,1,106,12
935,2015,Line,1,108,12
936,2015,Line,1,110,12
937,2015,Line,1,112,12
938,2015,Line,1,114,12
939,2015,Line,1,74,13
940,2015,Line,1,76,13
941,2015,Line,1,78,13
942,2015,Line,1,80,13
943,2015,Line,1,82,13
944,2015,Line,1,84,13
945,2015,Line,1,86,13
946,2015,Line,1,88,13
947,2015,Line,1,90,13
948,2015,Line,1,92,13
949,2015,Line,1,94,13
950,2015,Line,1,96,13
951,2015,Line,1,98,13
952,2015,Line,1,100,13
953,2015,Line,1,102,13
954,2015,Line,1,104,13
955,2015,Line,1,106,13
956,2015,Line,1,108,13
957,2015,Line,1,110,13
958,2015,Line,1,112,13
959,2015,Line,1,114,13
960,2015,Line,1,74,14
961,2015,Line,1,76,14
962,2015,Line,1,78,14
963,2015,Line,1,80,14
964,2015,Line,1,82,14
965,2015,Line,1,84,14
966,2015,Line,1,86,14
967,2015,Line,1,88,14
968,2015,Line,1,90,14
969,2015,Line,1,92,14
970,2015,Line,1,94,14
971,2015,Line,1,96,14
972,2015,Line,1,98,14
973,2015,Line,1,100,14
974,2015,Line,1,102,14
975,2015,Line,1,104,14
976,2015,Line,1,106,14
977,2015,Line,1,108,14
978,2015,Line,1,110,14
979,2015,Line,1,112,14
980,2015,Line,1,114,14
981,2015,Line,1,74,15
982,2015,Line,1,76,15
983,2015,Line,1,78,15
984,2015,Line,1,80,15
985,2015,Line,1,82,15
986,2015,Line,1,84,15
987,2015,Line,1,86,15
988,2015,Line,1,88,15
989,2015,Line,1,90,15
990,2015,Line,1,92,15
991,2015,Line,1,94,15
992,2015,Line,1,96,15
993,2020,Line,1,98,15
994,2020,Line,1,100,15
995,2020,Line,1,102,15
996,2020,Line,1,104,15
997,2020,Line,1,106,15
998,2020,Line,1,108,15
999,2020,Line,1,110,15
1000,2020,Line,1,112,15
1001,2020,Line,1,114,15
1002,2020,Line,1,74,16
1003,2020,Line,1,76,16
1004,2020,Line,1,78,16
1005,2020,Line,1,80,16
1006,2020,Line,1,82,16
1007,2020,Line,1,84,16
1008,2020,Line,1,86,16
1009,2020,Line,1,88,16
1010,2020,Line,1,90,16
1011,2020,Line,1,92,16
1012,2020,Line,1,94,16
1013,2020,Line,1,96,16
1014,2020,Line,1,98,16
1015,2020,Line,1,100,16
1016,2020,Line,1,102,16
1017,2020,Line,1,104,16
1018,2020,Line,1,106,16
1019,2020,Line,1,108,16
1020,2020,Line,1,110,16
1021,2020,Line,1,112,16
1022,2020,Line,1,114,16
1023,2020,Line,1,74,17
1024,2020,Line,1,76,17
1025,2020,Line,1,78,17
1026,2020,Line,1,80,17
1027,2020,Line,1,82,17
1028,2020,Line,1,84,17
1029,2020,Line,1,86,17
1030,2020,Line,1,88,17
1031,2020,Line,1,90,17
1032,2020,Line,1,92,17
1033,2020,Line,1,94,17
1034,2020,Line,1,96,17
1035,2020,Line,1,98,17
1036,2020,Line,1,100,17
1037,2020,Line,1,102,17
1038,2020,Line,1,104,17
1039,2020,Line,1,106,17
1040,2020,Line,1,108,17
1041,2020,Line,1,110,17
1042,2020,Line,1,112,17
1043,2020,Line,1,114,17
1044,2020,Line,1,74,18
1045,2020,Line,1,76,18
1046,2020,Line,1,78,18
1047,2020,Line,1,80,18
1048,2020,Line,1,82,18
1049,2020,Line,1,84,18
1050,2020,Line,1,86,18
1051,2020,Line,1,88,18
1052,2020,Line,1,90,18
1053,2000,Line,1,92,18
1054,2005,Line,1,94,18
1055,2005,Line,1,96,18
1056,2015,Line,1,98,18
1057,2015,Line,1,100,18
1058,2020,Line,1,102,18
1059,2020,Line,1,104,18
1060,1990,Line,0,106,18
1061,1995,Line,0,108,18
1062,1995,Line,0,110,18
1063,1995,Line,0,112,18
1064,2000,Line,0,114,18
1065,2005,Line,0,74,19
1066,2005,Line,0,76,19
1067,2005,Line,0,78,19
1068,2005,Line,0,80,19
1069,2005,Line,0,82,19
1070,2005,Line,0,84,19
1071,2005,Line,0,86,19
1072,2010,Line,0,88,19
1073,2010,Line,0,90,19
1074,2010,Line,0,92,19
1075,2010,Line,0,94,19
1076,2010,Line,0,96,19
1077,2010,Line,0,98,19
1078,2010,Line,0,100,19
1079,2010,Line,0,102,19
1080,2015,Line,0,104,19
1081,2015,Line,0,106,19
1082,2015,Line,0,108,19
1083,2020,Line,0,110,19
1084,2020,Line,0,112,19
1085,2020,Line,0,114,19
1086,2020,Line,0,74,20
1087,2020,Line,0,76,20
1088,2020,Line,0,78,20
1089,2020,Line,0,80,20
1090,2020,Line,0,82,20
1091,2020,Line,0,84,20
1092,2020,Line,0,86,20
1093,2020,Line,0,88,20
1094,2020,Line,0,90,20
1095,1990,Bar,1,124,0
1096,1995,Bar,1,126,0
1097,1995,Bar,1,128,0
1098,1995,Bar,1,130,0
1099,1995,Bar,1,132,0
1100,1995,Bar,1,134,0
1101,1995,Bar,1,136,0
1102,1995,Bar,1,138,0
1103,1995,Bar,1,140,0
1104,2000,Bar,1,142,0
1105,2000,Bar,1,144,0
1106,2000,Bar,1,146,0
1107,2000,Bar,1,148,0
1108,2000,Bar,1,124,1
1109,2000,Bar,1,126,1
1110,2000,Bar,1,128,1
1111,2000,Bar,1,130,1
1112,2000,Bar,1,132,1
1113,2000,Bar,1,134,1
1114,2000,Bar,1,136,1
1115,2005,Bar,1,138,1
1116,2005,Bar,1,140,1
1117,2005,Bar,1,142,1
1118,2005,Bar,1,144,1
1119,2005,Bar,1,146,1
1120,2005,Bar,1,148,1
1121,2005,Bar,1,124,2
1122,2005,Bar,1,126,2
1123,2005,Bar,1,128,2
1124,2005,Bar,1,130,2
1125,2005,Bar,1,132,2
1126,2005,Bar,1,134,2
1127,2005,Bar,1,136,2
1128,2005,Bar,1,138,2
1129,2005,Bar,1,140,2
1130,2005,Bar,1,142,2
1131,2005,Bar,1,144,2
1132,2005,Bar,1,146,2
1133,2005,Bar,1,148,2
1134,2005,Bar,1,124,3
1135,2005,Bar,1,126,3
1136,2005,Bar,1,128,3
1137,2005,Bar,1,130,3
1138,2005,Bar,1,132,3
1139,2010,Bar,1,134,3
1140,2010,Bar,1,136,3
1141,2010,Bar,1,138,3
1142,2010,Bar,1,140,3
1143,2010,Bar,1,142,3
1144,2010,Bar,1,144,3
1145,2010,Bar,1,146,3
1146,2010,Bar,1,148,3
1147,2010,Bar,1,124,4
1148,2010,Bar,1,126,4
1149,2010,Bar,1,128,4
1150,2010,Bar,1,130,4
1151,2010,Bar,1,132,4
1152,2010,Bar,1,134,4
1153,2010,Bar,1,136,4
1154,2010,Bar,1,138,4
1155,2010,Bar,1,140,4
1156,2010,Bar,1,142,4
1157,2010,Bar,1,144,4
1158,2010,Bar,1,146,4
1159,2010,Bar,1,148,4
1160,2010,Bar,1,124,5
1161,2010,Bar,1,126,5
1162,2010,Bar,1,128,5
1163,2010,Bar,1,130,5
1164,2010,Bar,1,132,5
1165,2010,Bar,1,134,5
1166,2010,Bar,1,136,5
1167,2010,Bar,1,138,5
1168,2010,Bar,1,140,5
1169,2010,Bar,1,142,5
1170,2010,Bar,1,144,5
1171,2010,Bar,1,146,5
1172,2010,Bar,1,148,5
1173,2010,Bar,1,124,6
1174,2010,Bar,1,126,6
1175,2010,Bar,1,128,6
1176,2010,Bar,1,130,6
1177,2010,Bar,1,132,6
1178,2010,Bar,1,134,6
1179,2010,Bar,1,136,6
1180,2010,Bar,1,138,6
1181,2010,Bar,1,140,6
1182,2010,Bar,1,142,6
1183,2010,Bar,1,144,6
1184,2010,Bar,1,146,6
1185,2015,Bar,1,148,6
1186,2015,Bar,1,124,7
1187,2015,Bar,1,126,7
1188,2015,Bar,1,128,7
1189,2015,Bar,1,130,7
1190,2015,Bar,1,132,7
1191,2015,Bar,1,134,7
1192,2015,Bar,1,136,7
1193,2015,Bar,1,138,7
1194,2015,Bar,1,140,7
1195,2015,Bar,1,142,7
1196,2015,Bar,1,144,7
1197,2015,Bar,1,146,7
1198,2015,Bar,1,148,7
1199,2015,Bar,1,124,8
1200,2015,Bar,1,126,8
1201,2015,Bar,1,128,8
1202,2015,Bar,1,130,8
1203,2015,Bar,1,132,8
1204,2015,Bar,1,134,8
1205,2015,Bar,1,136,8
1206,2015,Bar,1,138,8
1207,2015,Bar,1,140,8
1208,2015,Bar,1,142,8
1209,2015,Bar,1,144,8
1210,2015,Bar,1,146,8
1211,2015,Bar,1,148,8
1212,2015,Bar,1,124,9
1213,2015,Bar,1,126,9
1214,2015,Bar,1,128,9
1215,2015,Bar,1,130,9
1216,2015,Bar,1,132,9
1217,2015,Bar,1,134,9
1218,2015,Bar,1,136,9
1219,2015,Bar,1,138,9
1220,2015,Bar,1,140,9
1221,2015,Bar,1,142,9
1222,2015,Bar,1,144,9
1223,2015,Bar,1,146,9
1224,2015,Bar,1,148,9
1225,2015,Bar,1,124,10
1226,2015,Bar,1,126,10
1227,2015,Bar,1,128,10
1228,2015,Bar,1,130,10
1229,2015,Bar,1,132,10
1230,2015,Bar,1,134,10
1231,2015,Bar,1,136,10
1232,2015,Bar,1,138,10
1233,2015,Bar,1,140,10
1234,2015,Bar,1,142,10
1235,2015,Bar,1,144,10
1236,2015,Bar,1,146,10
1237,2015,Bar,1,148,10
1238,2015,Bar,1,124,11
1239,2015,Bar,1,126,11
1240,2015,Bar,1,128,11
1241,2015,Bar,1,130,11
1242,2015,Bar,1,132,11
1243,2015,Bar,1,134,11
1244,2015,Bar,1,136,11
1245,2015,Bar,1,138,11
1246,2015,Bar,1,140,11
1247,2015,Bar,1,142,11
1248,2015,Bar,1,144,11
1249,2015,Bar,1,146,11
1250,2015,Bar,1,148,11
1251,2015,Bar,1,124,12
1252,2015,Bar,1,126,12
1253,2015,Bar,1,128,12
1254,2015,Bar,1,130,12
1255,2015,Bar,1,132,12
1256,2020,Bar,1,134,12
1257,2020,Bar,1,136,12
1258,2020,Bar,1,138,12
1259,2020,Bar,1,140,12
1260,2020,Bar,1,142,12
1261,2020,Bar,1,144,12
1262,2020,Bar,1,146,12
1263,2020,Bar,1,148,12
1264,2020,Bar,1,124,13
1265,2020,Bar,1,126,13
1266,2020,Bar,1,128,13
1267,2020,Bar,1,130,13
1268,2020,Bar,1,132,13
1269,2020,Bar,1,134,13
1270,2020,Bar,1,136,13
1271,2020,Bar,1,138,13
1272,2020,Bar,1,140,13
1273,2020,Bar,1,142,13
1274,2020,Bar,1,144,13
1275,2020,Bar,1,146,13
1276,2020,Bar,1,148,13
1277,2020,Bar,1,124,14
1278,2020,Bar,1,126,14
1279,2020,Bar,1,128,14
1280,2020,Bar,1,130,14
1281,2020,Bar,1,132,14
1282,2020,Bar,1,134,14
1283,2020,Bar,1,136,14
1284,2020,Bar,1,138,14
1285,2020,Bar,1,140,14
1286,2020,Bar,1,142,14
1287,2020,Bar,1,144,14
1288,2020,Bar,1,146,14
1289,2020,Bar,1,148,14
1290,2020,Bar,1,124,15
1291,2020,Bar,1,126,15
1292,2020,Bar,1,128,15
1293,2020,Bar,1,130,15
1294,2020,Bar,1,132,15
1295,2020,Bar,1,134,15
1296,2020,Bar,1,136,15
1297,2020,Bar,1,138,15
1298,2020,Bar,1,140,15
1299,2020,Bar,1,142,15
1300,2020,Bar,1,144,15
1301,2020,Bar,1,146,15
1302,2020,Bar,1,148,15
1303,2020,Bar,1,124,16
1304,2020,Bar,1,126,16
1305,2020,Bar,1,128,16
1306,2020,Bar,1,130,16
1307,2020,Bar,1,132,16
1308,2020,Bar,1,134,16
1309,2020,Bar,1,136,16
1310,2020,Bar,1,138,16
1311,2020,Bar,1,140,16
1312,2020,Bar,1,142,16
1313,2020,Bar,1,144,16
1314,2020,Bar,1,146,16
1315,2020,Bar,1,148,16
1316,2020,Bar,1,124,17
1317,2020,Bar,1,126,17
1318,2020,Bar,1,128,17
1319,2020,Bar,1,130,17
1320,2020,Bar,1,132,17
1321,2020,Bar,1,134,17
1322,2020,Bar,1,136,17
1323,2020,Bar,1,138,17
1324,2020,Bar,1,140,17
1325,2020,Bar,1,142,17
1326,2020,Bar,1,144,17
1327,2020,Bar,1,146,17
1328,2020,Bar,1,148,17
1329,2020,Bar,1,124,18
1330,2020,Bar,1,126,18
1331,2020,Bar,1,128,18
1332,2020,Bar,1,130,18
1333,2020,Bar,1,132,18
1334,2020,Bar,1,134,18
1335,2020,Bar,1,136,18
1336,2020,Bar,1,138,18
1337,2020,Bar,1,140,18
1338,2020,Bar,1,142,18
1339,2020,Bar,1,144,18
1340,2020,Bar,1,146,18
1341,2020,Bar,1,148,18
1342,2020,Bar,1,124,19
1343,2010,Bar,1,126,19
1344,2015,Bar,1,128,19
1345,2015,Bar,1,130,19
1346,1995,Bar,0,132,19
1347,2000,Bar,0,134,19
1348,2005,Bar,0,136,19
1349,2005,Bar,0,138,19
1350,2005,Bar,0,140,19
1351,2005,Bar,0,142,19
1352,2010,Bar,0,144,19
1353,2015,Bar,0,146,19
1354,2015,Bar,0,148,19
1355,2015,Bar,0,124,20
1356,2015,Bar,0,126,20
1357,2020,Bar,0,128,20
1358,2020,Bar,0,130,20
1359,2020,Bar,0,132,20
1360,1990,Point,1,158,0
1361,1990,Point,1,160,0
1362,1990,Point,1,162,0
1363,1990,Point,1,164,0
1364,1990,Point,1,166,0
1365,1995,Point,1,168,0
1366,1995,Point,1,170,0
1367,1995,Point,1,172,0
1368,1995,Point,1,174,0
1369,1995,Point,1,159,1
1370,1995,Point,1,161,1
1371,1995,Point,1,163,1
1372,1995,Point,1,165,1
1373,2000,Point,1,167,1
1374,2000,Point,1,169,1
1375,2000,Point,1,171,1
1376,2000,Point,1,173,1
1377,2000,Point,1,158,2
1378,2000,Point,1,160,2
1379,2000,Point,1,162,2
1380,2000,Point,1,164,2
1381,2000,Point,1,166,2
1382,2000,Point,1,168,2
1383,2005,Point,1,170,2
1384,2005,Point,1,172,2
1385,2005,Point,1,174,2
1386,2005,Point,1,159,3
1387,2005,Point,1,161,3
1388,2005,Point,1,163,3
1389,2005,Point,1,165,3
1390,2005,Point,1,167,3
1391,2005,Point,1,169,3
1392,2005,Point,1,171,3
1393,2005,Point,1,173,3
1394,2010,Point,1,158,4
1395,2010,Point,1,160,4
1396,2010,Point,1,162,4
1397,2010,Point,1,164,4
1398,2010,Point,1,166,4
1399,2010,Point,1,168,4
1400,2010,Point,1,170,4
1401,2010,Point,1,172,4
1402,2010,Point,1,174,4
1403,2010,Point,1,159,5
1404,2010,Point,1,161,5
1405,2010,Point,1,163,5
1406,2010,Point,1,165,5
1407,2010,Point,1,167,5
1408,2010,Point,1,169,5
1409,2010,Point,1,171,5
1410,2010,Point,1,173,5
1411,2010,Point,1,158,6
1412,2010,Point,1,160,6
1413,2010,Point,1,162,6
1414,2010,Point,1,164,6
1415,2010,Point,1,166,6
1416,2010,Point,1,168,6
1417,2010,Point,1,170,6
1418,2010,Point,1,172,6
1419,2010,Point,1,174,6
1420,2010,Point,1,159,7
1421,2010,Point,1,161,7
1422,2015,Point,1,163,7
1423,2015,Point,1,165,7
1424,2015,Point,1,167,7
1425,2015,Point,1,169,7
1426,2015,Point,1,171,7
1427,2015,Point,1,173,7
1428,2015,Point,1,158,8
1429,2015,Point,1,160,8
1430,2015,Point,1,162,8
1431,2015,Point,1,164,8
1432,2015,Point,1,166,8
1433,2015,Point,1,168,8
1434,2015,Point,1,170,8
1435,2015,Point,1,172,8
1436,2015,Point,1,174,8
1437,2015,Point,1,159,9
1438,2015,Point,1,161,9
1439,2015,Point,1,163,9
1440,2015,Point,1,165,9
1441,2015,Point,1,167,9
1442,2015,Point,1,169,9
1443,2015,Point,1,171,9
1444,2015,Point,1,173,9
1445,2015,Point,1,158,10
1446,2015,Point,1,160,10
1447,2015,Point,1,162,10
1448,2015,Point,1,164,10
1449,2015,Point,1,166,10
1450,2015,Point,1,168,10
1451,2015,Point,1,170,10
1452,2015,Point,1,172,10
1453,2015,Point,1,174,10
1454,2015,Point,1,159,11
1455,2015,Point,1,161,11
1456,2015,Point,1,163,11
1457,2015,Point,1,165,11
1458,2015,Point,1,167,11
1459,2015,Point,1,169,11
1460,2015,Point,1,171,11
1461,2020,Point,1,173,11
1462,2020,Point,1,158,12
1463,2020,Point,1,160,12
1464,2020,Point,1,162,12
1465,2020,Point,1,164,12
1466,2020,Point,1,166,12
1467,2020,Point,1,168,12
1468,2020,Point,1,170,12
1469,2020,Point,1,172,12
1470,2020,Point,1,174,12
1471,2020,Point,1,159,13
1472,2020,Point,1,161,13
1473,2020,Point,1,163,13
1474,2020,Point,1,165,13
1475,2020,Point,1,167,13
1476,2020,Point,1,169,13
1477,2020,Point,1,171,13
1478,2020,Point,1,173,13
1479,2020,Point,1,158,14
1480,2020,Point,1,160,14
1481,2020,Point,1,162,14
1482,2020,Point,1,164,14
1483,2020,Point,1,166,14
1484,2020,Point,1,168,14
1485,2020,Point,1,170,14
1486,2020,Point,1,172,14
1487,2020,Point,1,174,14
1488,2020,Point,1,159,15
1489,2020,Point,1,161,15
1490,2020,Point,1,163,15
1491,2020,Point,1,165,15
1492,2020,Point,1,167,15
1493,2020,Point,1,169,15
1494,2020,Point,1,171,15
1495,2020,Point,1,173,15
1496,2020,Point,1,158,16
1497,2020,Point,1,160,16
1498,2020,Point,1,162,16
1499,2000,Point,1,164,16
1500,2000,Point,1,166,16
1501,2010,Point,1,168,16
1502,2015,Point,1,170,16
1503,2020,Point,1,172,16
1504,1990,Point,0,174,16
1505,1990,Point,0,159,17
1506,1990,Point,0,161,17
1507,2000,Point,0,163,17
1508,2000,Point,0,165,17
1509,2000,Point,0,167,17
1510,2000,Point,0,169,17
1511,2005,Point,0,171,17
1512,2005,Point,0,173,17
1513,2005,Point,0,158,18
1514,2010,Point,0,160,18
1515,2010,Point,0,162,18
1516,2010,Point,0,164,18
1517,2015,Point,0,166,18
1518,2015,Point,0,168,18
1519,2015,Point,0,170,18
1520,2015,Point,0,172,18
1521,2015,Point,0,174,18
1522,2020,Point,0,159,19
1523,2020,Point,0,161,19
1524,2020,Point,0,163,19
1525,2020,Point,0,165,19
1526,2020,Point,0,167,19
1527,2020,Point,0,169,19
1528,2020,Point,0,171,19
1529,2020,Point,0,173,19
1530,2020,Point,0,158,20
1531,2020,Point,0,160,20
1532,2020,Point,0,162,20
1533,2020,Point,0,164,20
1534,2020,Point,0,166,20
1535,1990,Node-link,1,184,0
1536,1990,Node-link,1,186,0
1537,1990,Node-link,1,188,0
1538,1990,Node-link,1,190,0
1539,1990,Node-link,1,192,0
1540,1990,Node-link,1,194,0
1541,1990,Node-link,1,196,0
1542,1990,Node-link,1,198,0
1543,1990,Node-link,1,184,1
1544,1990,Node-link,1,186,1
1545,1990,Node-link,1,188,1
1546,1990,Node-link,1,190,1
1547,1990,Node-link,1,192,1
1548,1990,Node-link,1,194,1
1549,1995,Node-link,1,196,1
1550,1995,Node-link,1,198,1
1551,1995,Node-link,1,184,2
1552,1995,Node-link,1,186,2
1553,1995,Node-link,1,188,2
1554,1995,Node-link,1,190,2
1555,1995,Node-link,1,192,2
1556,1995,Node-link,1,194,2
1557,1995,Node-link,1,196,2
1558,1995,Node-link,1,198,2
1559,1995,Node-link,1,184,3
1560,1995,Node-link,1,186,3
1561,1995,Node-link,1,188,3
1562,1995,Node-link,1,190,3
1563,1995,Node-link,1,192,3
1564,1995,Node-link,1,194,3
1565,1995,Node-link,1,196,3
1566,1995,Node-link,1,198,3
1567,1995,Node-link,1,184,4
1568,1995,Node-link,1,186,4
1569,2000,Node-link,1,188,4
1570,2000,Node-link,1,190,4
1571,2000,Node-link,1,192,4
1572,2000,Node-link,1,194,4
1573,2000,Node-link,1,196,4
1574,2000,Node-link,1,198,4
1575,2000,Node-link,1,184,5
1576,2000,Node-link,1,186,5
1577,2000,Node-link,1,188,5
1578,2000,Node-link,1,190,5
1579,2000,Node-link,1,192,5
1580,2000,Node-link,1,194,5
1581,2000,Node-link,1,196,5
1582,2000,Node-link,1,198,5
1583,2005,Node-link,1,184,6
1584,2005,Node-link,1,186,6
1585,2005,Node-link,1,188,6
1586,2005,Node-link,1,190,6
1587,2005,Node-link,1,192,6
1588,2005,Node-link,1,194,6
1589,2005,Node-link,1,196,6
1590,2005,Node-link,1,198,6
1591,2005,Node-link,1,184,7
1592,2005,Node-link,1,186,7
1593,2005,Node-link,1,188,7
1594,2005,Node-link,1,190,7
1595,2005,Node-link,1,192,7
1596,2005,Node-link,1,194,7
1597,2005,Node-link,1,196,7
1598,2005,Node-link,1,198,7
1599,2005,Node-link,1,184,8
1600,2005,Node-link,1,186,8
1601,2005,Node-link,1,188,8
1602,2005,Node-link,1,190,8
1603,2005,Node-link,1,192,8
1604,2005,Node-link,1,194,8
1605,2005,Node-link,1,196,8
1606,2005,Node-link,1,198,8
1607,2005,Node-link,1,184,9
1608,2005,Node-link,1,186,9
1609,2005,Node-link,1,188,9
1610,2005,Node-link,1,190,9
1611,2005,Node-link,1,192,9
1612,2005,Node-link,1,194,9
1613,2005,Node-link,1,196,9
1614,2005,Node-link,1,198,9
1615,2005,Node-link,1,184,10
1616,2005,Node-link,1,186,10
1617,2010,Node-link,1,188,10
1618,2010,Node-link,1,190,10
1619,2010,Node-link,1,192,10
1620,2010,Node-link,1,194,10
1621,2010,Node-link,1,196,10
1622,2010,Node-link,1,198,10
1623,2010,Node-link,1,184,11
1624,2010,Node-link,1,186,11
1625,2010,Node-link,1,188,11
1626,2010,Node-link,1,190,11
1627,2010,Node-link,1,192,11
1628,2015,Node-link,1,194,11
1629,2015,Node-link,1,196,11
1630,2015,Node-link,1,198,11
1631,2015,Node-link,1,184,12
1632,2015,Node-link,1,186,12
1633,2015,Node-link,1,188,12
1634,2015,Node-link,1,190,12
1635,2015,Node-link,1,192,12
1636,2015,Node-link,1,194,12
1637,2015,Node-link,1,196,12
1638,2015,Node-link,1,198,12
1639,2015,Node-link,1,184,13
1640,2015,Node-link,1,186,13
1641,2015,Node-link,1,188,13
1642,2015,Node-link,1,190,13
1643,2015,Node-link,1,192,13
1644,2015,Node-link,1,194,13
1645,2015,Node-link,1,196,13
1646,2015,Node-link,1,198,13
1647,2015,Node-link,1,184,14
1648,2015,Node-link,1,186,14
1649,2015,Node-link,1,188,14
1650,2015,Node-link,1,190,14
1651,2015,Node-link,1,192,14
1652,2015,Node-link,1,194,14
1653,2020,Node-link,1,196,14
1654,2020,Node-link,1,198,14
1655,2020,Node-link,1,184,15
1656,2020,Node-link,1,186,15
1657,2020,Node-link,1,188,15
1658,2020,Node-link,1,190,15
1659,2020,Node-link,1,192,15
1660,2020,Node-link,1,194,15
1661,2020,Node-link,1,196,15
1662,2020,Node-link,1,198,15
1663,2020,Node-link,1,184,16
1664,2020,Node-link,1,186,16
1665,2020,Node-link,1,188,16
1666,2020,Node-link,1,190,16
1667,2020,Node-link,1,192,16
1668,2020,Node-link,1,194,16
1669,2020,Node-link,1,196,16
1670,2020,Node-link,1,198,16
1671,2020,Node-link,1,184,17
1672,2020,Node-link,1,186,17
1673,2020,Node-link,1,188,17
1674,2020,Node-link,1,190,17
1675,2020,Node-link,1,192,17
1676,2020,Node-link,1,194,17
1677,2020,Node-link,1,196,17
1678,2020,Node-link,1,198,17
1679,2020,Node-link,1,184,18
1680,2005,Node-link,1,186,18
1681,2015,Node-link,1,188,18
1682,2020,Node-link,1,190,18
1683,1990,Node-link,0,192,18
1684,2000,Node-link,0,194,18
1685,2005,Node-link,0,196,18
1686,2005,Node-link,0,198,18
1687,2005,Node-link,0,184,19
1688,2005,Node-link,0,186,19
1689,2005,Node-link,0,188,19
1690,2010,Node-link,0,190,19
1691,2010,Node-link,0,192,19
1692,2010,Node-link,0,194,19
1693,2010,Node-link,0,196,19
1694,2010,Node-link,0,198,19
1695,2010,Node-link,0,184,20
1696,2015,Node-link,0,186,20
1697,2015,Node-link,0,188,20
1698,2015,Node-link,0,190,20
1699,2015,Node-link,0,192,20
1700,2020,Node-link,0,194,20
1701,2020,Node-link,0,196,20
1702,2020,Node-link,0,198,20
1703,2020,Node-link,0,184,21
1704,1990,Grid,1,208,0
1705,1990,Grid,1,210,0
1706,1990,Grid,1,212,0
1707,1990,Grid,1,214,0
1708,1995,Grid,1,216,0
1709,1995,Grid,1,218,0
1710,1995,Grid,1,208,1
1711,1995,Grid,1,210,1
1712,1995,Grid,1,212,1
1713,1995,Grid,1,214,1
1714,2000,Grid,1,216,1
1715,2000,Grid,1,218,1
1716,2000,Grid,1,208,2
1717,2000,Grid,1,210,2
1718,2000,Grid,1,212,2
1719,2000,Grid,1,214,2
1720,2000,Grid,1,216,2
1721,2000,Grid,1,218,2
1722,2005,Grid,1,208,3
1723,2005,Grid,1,210,3
1724,2005,Grid,1,212,3
1725,2005,Grid,1,214,3
1726,2005,Grid,1,216,3
1727,2005,Grid,1,218,3
1728,2005,Grid,1,208,4
1729,2010,Grid,1,210,4
1730,2010,Grid,1,212,4
1731,2010,Grid,1,214,4
1732,2010,Grid,1,216,4
1733,2010,Grid,1,218,4
1734,2010,Grid,1,208,5
1735,2010,Grid,1,210,5
1736,2010,Grid,1,212,5
1737,2010,Grid,1,214,5
1738,2010,Grid,1,216,5
1739,2010,Grid,1,218,5
1740,2010,Grid,1,208,6
1741,2010,Grid,1,210,6
1742,2010,Grid,1,212,6
1743,2010,Grid,1,214,6
1744,2010,Grid,1,216,6
1745,2010,Grid,1,218,6
1746,2010,Grid,1,208,7
1747,2010,Grid,1,210,7
1748,2010,Grid,1,212,7
1749,2015,Grid,1,214,7
1750,2015,Grid,1,216,7
1751,2015,Grid,1,218,7
1752,2015,Grid,1,208,8
1753,2015,Grid,1,210,8
1754,2015,Grid,1,212,8
1755,2015,Grid,1,214,8
1756,2015,Grid,1,216,8
1757,2015,Grid,1,218,8
1758,2015,Grid,1,208,9
1759,2015,Grid,1,210,9
1760,2015,Grid,1,212,9
1761,2015,Grid,1,214,9
1762,2015,Grid,1,216,9
1763,2015,Grid,1,218,9
1764,2015,Grid,1,208,10
1765,2015,Grid,1,210,10
1766,2015,Grid,1,212,10
1767,2015,Grid,1,214,10
1768,2015,Grid,1,216,10
1769,2015,Grid,1,218,10
1770,2015,Grid,1,208,11
1771,2015,Grid,1,210,11
1772,2015,Grid,1,212,11
1773,2020,Grid,1,214,11
1774,2020,Grid,1,216,11
1775,2020,Grid,1,218,11
1776,2020,Grid,1,208,12
1777,2020,Grid,1,210,12
1778,2020,Grid,1,212,12
1779,2020,Grid,1,214,12
1780,2020,Grid,1,216,12
1781,2020,Grid,1,218,12
1782,2020,Grid,1,208,13
1783,2020,Grid,1,210,13
1784,2020,Grid,1,212,13
1785,2020,Grid,1,214,13
1786,2020,Grid,1,216,13
1787,2020,Grid,1,218,13
1788,2020,Grid,1,208,14
1789,2020,Grid,1,210,14
1790,2020,Grid,1,212,14
1791,2020,Grid,1,214,14
1792,2020,Grid,1,216,14
1793,2020,Grid,1,218,14
1794,2010,Grid,1,208,15
1795,1990,Grid,0,210,15
1796,1990,Grid,0,212,15
1797,1990,Grid,0,214,15
1798,1995,Grid,0,216,15
1799,1995,Grid,0,218,15
1800,2000,Grid,0,208,16
1801,2000,Grid,0,210,16
1802,2000,Grid,0,212,16
1803,2000,Grid,0,214,16
1804,2000,Grid,0,216,16
1805,2005,Grid,0,218,16
1806,2005,Grid,0,208,17
1807,2005,Grid,0,210,17
1808,2005,Grid,0,212,17
1809,2005,Grid,0,214,17
1810,2010,Grid,0,216,17
1811,2010,Grid,0,218,17
1812,2010,Grid,0,208,18
1813,2010,Grid,0,210,18
1814,2010,Grid,0,212,18
1815,2010,Grid,0,214,18
1816,2010,Grid,0,216,18
1817,2015,Grid,0,218,18
1818,2015,Grid,0,208,19
1819,2015,Grid,0,210,19
1820,2020,Grid,0,212,19
1821,2020,Grid,0,214,19
1822,2020,Grid,0,216,19
1823,2020,Grid,0,218,19
1824,2020,Grid,0,208,20
1825,2020,Grid,0,210,20
1826,2020,Grid,0,212,20
1827,1990,Area,1,228,0
1828,1990,Area,1,230,0
1829,1995,Area,1,232,0
1830,1995,Area,1,234,0
1831,2000,Area,1,236,0
1832,2000,Area,1,228,1
1833,2000,Area,1,230,1
1834,2000,Area,1,232,1
1835,2000,Area,1,234,1
1836,2005,Area,1,236,1
1837,2005,Area,1,228,2
1838,2005,Area,1,230,2
1839,2005,Area,1,232,2
1840,2005,Area,1,234,2
1841,2005,Area,1,236,2
1842,2005,Area,1,228,3
1843,2005,Area,1,230,3
1844,2005,Area,1,232,3
1845,2005,Area,1,234,3
1846,2005,Area,1,236,3
1847,2005,Area,1,228,4
1848,2005,Area,1,230,4
1849,2005,Area,1,232,4
1850,2005,Area,1,234,4
1851,2010,Area,1,236,4
1852,2010,Area,1,228,5
1853,2010,Area,1,230,5
1854,2010,Area,1,232,5
1855,2010,Area,1,234,5
1856,2010,Area,1,236,5
1857,2010,Area,1,228,6
1858,2010,Area,1,230,6
1859,2010,Area,1,232,6
1860,2010,Area,1,234,6
1861,2010,Area,1,236,6
1862,2010,Area,1,228,7
1863,2010,Area,1,230,7
1864,2010,Area,1,232,7
1865,2015,Area,1,234,7
1866,2015,Area,1,236,7
1867,2015,Area,1,228,8
1868,2015,Area,1,230,8
1869,2015,Area,1,232,8
1870,2015,Area,1,234,8
1871,2015,Area,1,236,8
1872,2015,Area,1,228,9
1873,2015,Area,1,230,9
1874,2015,Area,1,232,9
1875,2015,Area,1,234,9
1876,2015,Area,1,236,9
1877,2015,Area,1,228,10
1878,2015,Area,1,230,10
1879,2015,Area,1,232,10
1880,2015,Area,1,234,10
1881,2020,Area,1,236,10
1882,2020,Area,1,228,11
1883,2020,Area,1,230,11
1884,2020,Area,1,232,11
1885,2020,Area,1,234,11
1886,2020,Area,1,236,11
1887,2020,Area,1,228,12
1888,2020,Area,1,230,12
1889,2020,Area,1,232,12
1890,2020,Area,1,234,12
1891,2020,Area,1,236,12
1892,2020,Area,1,228,13
1893,2020,Area,1,230,13
1894,2020,Area,1,232,13
1895,2020,Area,1,234,13
1896,2020,Area,1,236,13
1897,2020,Area,1,228,14
1898,2020,Area,1,230,14
1899,2020,Area,1,232,14
1900,2015,Area,1,234,14
1901,2015,Area,1,236,14
1902,2020,Area,1,228,15
1903,2000,Area,0,230,15
1904,2000,Area,0,232,15
1905,2000,Area,0,234,15
1906,2005,Area,0,236,15
1907,2005,Area,0,228,16
1908,2005,Area,0,230,16
1909,2005,Area,0,232,16
1910,2005,Area,0,234,16
1911,2005,Area,0,236,16
1912,2005,Area,0,228,17
1913,2005,Area,0,230,17
1914,2005,Area,0,232,17
1915,2005,Area,0,234,17
1916,2005,Area,0,236,17
1917,2005,Area,0,228,18
1918,2005,Area,0,230,18
1919,2005,Area,0,232,18
1920,2005,Area,0,234,18
1921,2015,Area,0,236,18
1922,2015,Area,0,228,19
1923,2015,Area,0,230,19
1924,2015,Area,0,232,19
1925,2015,Area,0,234,19
1926,2015,Area,0,236,19
1927,2015,Area,0,228,20
1928,2020,Area,0,230,20
1929,2020,Area,0,232,20
1930,2020,Area,0,234,20
1931,1990,Pattern,1,246,0
1932,1995,Pattern,1,248,0
1933,1995,Pattern,1,250,0
1934,1995,Pattern,1,247,1
1935,2000,Pattern,1,249,1
1936,2000,Pattern,1,246,2
1937,2000,Pattern,1,248,2
1938,2000,Pattern,1,250,2
1939,2000,Pattern,1,247,3
1940,2000,Pattern,1,249,3
1941,2000,Pattern,1,246,4
1942,2000,Pattern,1,248,4
1943,2005,Pattern,1,250,4
1944,2005,Pattern,1,247,5
1945,2005,Pattern,1,249,5
1946,2005,Pattern,1,246,6
1947,2005,Pattern,1,248,6
1948,2005,Pattern,1,250,6
1949,2005,Pattern,1,247,7
1950,2005,Pattern,1,249,7
1951,2005,Pattern,1,246,8
1952,2005,Pattern,1,248,8
1953,2005,Pattern,1,250,8
1954,2005,Pattern,1,247,9
1955,2005,Pattern,1,249,9
1956,2010,Pattern,1,246,10
1957,2010,Pattern,1,248,10
1958,2015,Pattern,1,250,10
1959,2015,Pattern,1,247,11
1960,2015,Pattern,1,249,11
1961,2015,Pattern,1,246,12
1962,2015,Pattern,1,248,12
1963,2020,Pattern,1,250,12
1964,2020,Pattern,1,247,13
1965,2020,Pattern,1,249,13
1966,2020,Pattern,1,246,14
1967,2020,Pattern,1,248,14
1968,2000,Pattern,1,250,14
1969,2005,Pattern,1,247,15
1970,1990,Pattern,0,249,15
1971,1995,Pattern,0,246,16
1972,2000,Pattern,0,248,16
1973,2005,Pattern,0,250,16
1974,2005,Pattern,0,247,17
1975,2005,Pattern,0,249,17
1976,2005,Pattern,0,246,18
1977,2005,Pattern,0,248,18
1978,2005,Pattern,0,250,18
1979,2005,Pattern,0,247,19
1980,2010,Pattern,0,249,19
1981,2010,Pattern,0,246,20
1982,2010,Pattern,0,248,20
1983,1990,Glyph,1,260,0
1984,1990,Glyph,1,262,0
1985,1995,Glyph,1,260,1
1986,1995,Glyph,1,262,1
1987,1995,Glyph,1,260,2
1988,1995,Glyph,1,262,2
1989,1995,Glyph,1,260,3
1990,2005,Glyph,1,262,3
1991,2005,Glyph,1,260,4
1992,2005,Glyph,1,262,4
1993,2005,Glyph,1,260,5
1994,2010,Glyph,1,262,5
1995,2010,Glyph,1,260,6
1996,2015,Glyph,1,262,6
1997,2015,Glyph,1,260,7
1998,2015,Glyph,1,262,7
1999,2015,Glyph,1,260,8
2000,2015,Glyph,1,262,8
2001,2015,Glyph,1,260,9
2002,2015,Glyph,1,262,9
2003,2020,Glyph,1,260,10
2004,1995,Glyph,1,262,10
2005,2000,Glyph,0,260,11
2006,2000,Glyph,0,262,11
2007,2005,Glyph,0,260,12
2008,2005,Glyph,0,262,12
2009,2010,Glyph,0,260,13
2010,2020,Glyph,0,262,13
2011,2005,Text,1,272,0
2012,2010,Text,1,274,0
2013,2010,Text,1,272,1
2014,2010,Text,1,274,1
2015,2010,Text,1,272,2
2016,2015,Text,1,274,2
2017,2020,Text,1,272,3
2018,2020,Text,1,274,3
2019,2020,Text,1,272,4
2020,2020,Text,1,274,4
2021,2005,Text,1,272,5
2022,2000,Text,0,274,5
2023,2010,Text,0,272,6
2024,2020,Text,0,274,6
