,Year,coder1-encodings,Consistency,Y,X
0,2005,Area,1,15,0
1,2020,Area,1,30,1
2,2020,Area,1,30,2
3,2015,Area,1,25,3
4,2010,Area,1,20,4
5,2010,Area,1,20,5
6,2005,Area,0,15,6
7,2005,Area,1,15,7
8,2005,Area,1,15,8
9,2015,Area,0,25,9
10,2015,Area,1,25,10
11,2020,Area,0,30,11
12,2010,Area,1,20,12
13,2005,Area,0,15,13
14,2000,Area,1,10,14
15,1990,Area,1,0,15
16,2000,Area,1,10,16
17,2020,Area,1,30,17
18,2020,Area,1,30,18
19,2020,Area,1,30,19
20,2020,Area,1,30,20
21,2020,Area,1,30,21
22,2020,Area,1,30,22
23,2005,Area,1,15,23
24,2000,Area,0,10,24
25,2000,Area,0,10,25
26,2015,Area,1,25,26
27,2000,Area,0,10,27
28,2020,Area,1,30,28
29,2020,Area,1,30,29
30,2010,Area,1,20,30
31,2010,Area,1,20,31
32,2005,Area,0,15,32
33,2005,Area,1,15,33
34,2005,Area,1,15,34
35,2005,Area,1,15,35
36,2005,Area,1,15,36
37,1995,Area,1,5,37
38,2005,Area,1,15,38
39,2020,Area,1,30,39
40,2005,Area,1,15,40
41,2020,Area,1,30,41
42,2005,Area,1,15,42
43,2005,Area,0,15,43
44,2005,Area,0,15,44
45,2015,Area,1,25,45
46,2005,Area,1,15,46
47,2005,Area,0,15,47
48,2020,Area,1,30,48
49,2020,Area,1,30,49
50,2005,Area,0,15,50
51,2005,Area,1,15,51
52,2005,Area,1,15,52
53,2005,Area,0,15,53
54,1995,Area,1,5,54
55,2005,Area,1,15,55
56,2015,Area,0,25,56
57,2020,Area,1,30,57
58,2010,Area,1,20,58
59,2010,Area,1,20,59
60,2005,Area,0,15,60
61,2020,Area,1,30,61
62,2000,Area,1,10,62
63,2010,Area,1,20,63
64,2015,Area,1,25,64
65,2015,Area,1,25,65
66,2020,Area,1,30,66
67,2015,Area,0,25,67
68,2010,Area,1,20,68
69,2015,Area,1,25,69
70,2010,Area,1,20,70
71,2005,Area,0,15,71
72,2015,Area,0,25,72
73,2015,Area,1,25,73
74,2000,Area,1,10,74
75,2005,Area,0,15,75
76,2020,Area,1,30,76
77,2010,Area,1,20,77
78,2005,Area,0,15,78
79,2015,Area,1,25,79
80,2015,Area,1,25,80
81,2015,Area,1,25,81
82,2015,Area,1,25,82
83,2015,Area,1,25,83
84,2015,Area,0,25,84
85,2015,Area,0,25,85
86,2015,Area,1,25,86
87,2020,Area,1,30,87
88,2020,Area,0,30,88
89,1990,Area,1,0,89
90,2005,Area,0,15,90
91,2000,Area,1,10,91
92,2015,Area,1,25,92
93,2015,Area,1,25,93
94,2010,Area,1,20,94
95,2020,Area,0,30,95
96,2015,Area,1,25,96
97,2020,Area,1,30,97
98,2005,Area,0,15,98
99,2015,Area,1,25,99
100,2015,Area,0,25,100
101,2010,Area,1,20,101
102,2005,Area,0,15,102
103,2010,Area,1,20,103
104,2020,Bar,1,30,154
105,2005,Bar,1,15,155
106,2015,Bar,1,25,156
107,2005,Bar,1,15,157
108,2010,Bar,1,20,158
109,2020,Bar,1,30,159
110,2015,Bar,1,25,160
111,2020,Bar,1,30,161
112,2020,Bar,1,30,162
113,2015,Bar,1,25,163
114,2020,Bar,1,30,164
115,2015,Bar,1,25,165
116,2020,Bar,1,30,166
117,2015,Bar,1,25,167
118,2015,Bar,1,25,168
119,2020,Bar,1,30,169
120,2010,Bar,1,20,170
121,2020,Bar,1,30,171
122,2020,Bar,1,30,172
123,2010,Bar,1,20,173
124,2005,Bar,1,15,174
125,2020,Bar,1,30,175
126,2015,Bar,1,25,176
127,2020,Bar,1,30,177
128,2020,Bar,1,30,178
129,2010,Bar,1,20,179
130,2010,Bar,1,20,180
131,2020,Bar,1,30,181
132,2010,Bar,1,20,182
133,2015,Bar,1,25,183
134,2020,Bar,1,30,184
135,2020,Bar,1,30,185
136,2020,Bar,1,30,186
137,2020,Bar,1,30,187
138,2020,Bar,1,30,188
139,2020,Bar,1,30,189
140,2010,Bar,1,20,190
141,2000,Bar,1,10,191
142,2015,Bar,1,25,192
143,2015,Bar,1,25,193
144,2015,Bar,1,25,194
145,2015,Bar,1,25,195
146,2015,Bar,1,25,196
147,2015,Bar,0,25,197
148,2010,Bar,1,20,198
149,2015,Bar,1,25,199
150,2010,Bar,1,20,200
151,2010,Bar,1,20,201
152,2015,Bar,1,25,202
153,2015,Bar,1,25,203
154,2010,Bar,1,20,204
155,2015,Bar,1,25,205
156,2015,Bar,1,25,206
157,2010,Bar,1,20,207
158,2015,Bar,1,25,208
159,2015,Bar,1,25,209
160,2010,Bar,1,20,210
161,2000,Bar,1,10,211
162,2005,Bar,1,15,212
163,2010,Bar,1,20,213
164,2015,Bar,1,25,214
165,2015,Bar,1,25,215
166,2015,Bar,1,25,216
167,2015,Bar,1,25,217
168,2015,Bar,1,25,218
169,2015,Bar,0,25,219
170,2015,Bar,0,25,220
171,2015,Bar,1,25,221
172,2015,Bar,1,25,222
173,2015,Bar,1,25,223
174,2015,Bar,1,25,224
175,2010,Bar,1,20,225
176,2015,Bar,1,25,226
177,2015,Bar,1,25,227
178,2010,Bar,1,20,228
179,2015,Bar,1,25,229
180,2000,Bar,1,10,230
181,2015,Bar,1,25,231
182,2015,Bar,1,25,232
183,2015,Bar,1,25,233
184,2015,Bar,1,25,234
185,2015,Bar,1,25,235
186,2015,Bar,1,25,236
187,2015,Bar,1,25,237
188,2015,Bar,1,25,238
189,2015,Bar,1,25,239
190,1995,Bar,1,5,240
191,1995,Bar,1,5,241
192,1995,Bar,1,5,242
193,2010,Bar,1,20,243
194,2015,Bar,1,25,244
195,2005,Bar,1,15,245
196,2015,Bar,1,25,246
197,2015,Bar,1,25,247
198,2010,Bar,1,20,248
199,2015,Bar,1,25,249
200,2015,Bar,1,25,250
201,2015,Bar,1,25,251
202,2015,Bar,1,25,252
203,2015,Bar,1,25,253
204,1995,Bar,1,5,254
205,1995,Bar,1,5,255
206,1995,Bar,1,5,256
207,2015,Bar,1,25,257
208,2005,Bar,1,15,258
209,2015,Bar,1,25,259
210,1995,Bar,1,5,260
211,2015,Bar,1,25,261
212,2015,Bar,1,25,262
213,2010,Bar,1,20,263
214,1990,Bar,1,0,264
215,2000,Bar,1,10,265
216,2000,Bar,0,10,266
217,2000,Bar,1,10,267
218,2020,Bar,1,30,268
219,2005,Bar,1,15,269
220,2020,Bar,1,30,270
221,2000,Bar,1,10,271
222,2015,Bar,1,25,272
223,2020,Bar,1,30,273
224,2020,Bar,1,30,274
225,2020,Bar,0,30,275
226,2020,Bar,1,30,276
227,2010,Bar,1,20,277
228,2010,Bar,1,20,278
229,2020,Bar,1,30,279
230,2000,Bar,1,10,280
231,2020,Bar,1,30,281
232,2020,Bar,1,30,282
233,2020,Bar,1,30,283
234,2020,Bar,1,30,284
235,2020,Bar,1,30,285
236,2010,Bar,1,20,286
237,2020,Bar,1,30,287
238,2000,Bar,1,10,288
239,2020,Bar,1,30,289
240,2010,Bar,1,20,290
241,2020,Bar,1,30,291
242,2000,Bar,1,10,292
243,2000,Bar,1,10,293
244,2015,Bar,1,25,294
245,2015,Bar,1,25,295
246,2005,Bar,1,15,296
247,2010,Bar,1,20,297
248,2020,Bar,1,30,298
249,2000,Bar,1,10,299
250,2020,Bar,1,30,300
251,2015,Bar,1,25,301
252,2005,Bar,1,15,302
253,2005,Bar,1,15,303
254,2010,Bar,1,20,304
255,2020,Bar,1,30,305
256,2020,Bar,1,30,306
257,2005,Bar,1,15,307
258,2020,Bar,1,30,308
259,2015,Bar,1,25,309
260,2005,Bar,1,15,310
261,2005,Bar,1,15,311
262,2010,Bar,1,20,312
263,2015,Bar,1,25,313
264,2015,Bar,1,25,314
265,2005,Bar,1,15,315
266,2010,Bar,1,20,316
267,2015,Bar,0,25,317
268,2020,Bar,1,30,318
269,2020,Bar,1,30,319
270,2015,Bar,1,25,320
271,2010,Bar,1,20,321
272,2010,Bar,1,20,322
273,2020,Bar,1,30,323
274,2010,Bar,1,20,324
275,2010,Bar,1,20,325
276,2020,Bar,1,30,326
277,2020,Bar,1,30,327
278,2005,Bar,1,15,328
279,2005,Bar,1,15,329
280,2005,Bar,0,15,330
281,2015,Bar,1,25,331
282,2010,Bar,1,20,332
283,2010,Bar,1,20,333
284,2020,Bar,1,30,334
285,2020,Bar,1,30,335
286,2020,Bar,1,30,336
287,2020,Bar,1,30,337
288,2005,Bar,0,15,338
289,2010,Bar,1,20,339
290,2020,Bar,1,30,340
291,2020,Bar,1,30,341
292,2010,Bar,1,20,342
293,2015,Bar,1,25,343
294,2020,Bar,1,30,344
295,2010,Bar,0,20,345
296,2010,Bar,1,20,346
297,2020,Bar,1,30,347
298,2020,Bar,1,30,348
299,2005,Bar,1,15,349
300,2015,Bar,1,25,350
301,2015,Bar,1,25,351
302,2020,Bar,1,30,352
303,2020,Bar,1,30,353
304,2020,Bar,1,30,354
305,2010,Bar,1,20,355
306,2015,Bar,1,25,356
307,2020,Bar,1,30,357
308,2015,Bar,1,25,358
309,2015,Bar,1,25,359
310,2005,Bar,1,15,360
311,2020,Bar,1,30,361
312,2020,Bar,1,30,362
313,1995,Bar,1,5,363
314,2005,Bar,1,15,364
315,2015,Bar,1,25,365
316,2005,Bar,0,15,366
317,2020,Bar,1,30,367
318,1995,Bar,0,5,368
319,2015,Bar,1,25,369
320,2020,Bar,1,30,370
321,2020,Bar,1,30,371
322,2010,Bar,1,20,372
323,2020,Bar,1,30,373
324,2020,Bar,1,30,374
325,2020,Bar,1,30,375
326,2020,Bar,1,30,376
327,2005,Bar,0,15,377
328,2015,Bar,1,25,378
329,2020,Bar,1,30,379
330,2020,Bar,1,30,380
331,2020,Bar,1,30,381
332,2020,Bar,1,30,382
333,2010,Bar,1,20,383
334,2005,Bar,1,15,384
335,2005,Bar,1,15,385
336,2010,Bar,1,20,386
337,2005,Bar,1,15,387
338,2020,Bar,1,30,388
339,2020,Bar,1,30,389
340,2010,Bar,1,20,390
341,2010,Bar,1,20,391
342,2010,Bar,1,20,392
343,2010,Bar,1,20,393
344,2020,Bar,1,30,394
345,2005,Bar,1,15,395
346,2020,Bar,0,30,396
347,2020,Bar,1,30,397
348,2010,Bar,1,20,398
349,2010,Bar,1,20,399
350,2020,Bar,1,30,400
351,2020,Bar,1,30,401
352,2020,Bar,1,30,402
353,2020,Bar,1,30,403
354,2020,Bar,0,30,404
355,2010,Bar,1,20,405
356,2015,Bar,1,25,406
357,2020,Bar,1,30,407
358,2020,Bar,1,30,408
359,2020,Bar,1,30,409
360,2020,Bar,1,30,410
361,2020,Bar,1,30,411
362,2020,Bar,1,30,412
363,2020,Bar,1,30,413
364,2020,Bar,1,30,414
365,2020,Bar,1,30,415
366,2015,Bar,1,25,416
367,2020,Bar,1,30,417
368,2005,Bar,1,15,418
369,2005,Glyph,1,15,469
370,2005,Glyph,1,15,470
371,1995,Glyph,1,5,471
372,2005,Glyph,1,15,472
373,2010,Glyph,1,20,473
374,2005,Glyph,0,15,474
375,2000,Glyph,0,10,475
376,2020,Glyph,1,30,476
377,1995,Glyph,1,5,477
378,1995,Glyph,1,5,478
379,1995,Glyph,1,5,479
380,1995,Glyph,1,5,480
381,2020,Glyph,0,30,481
382,2015,Glyph,1,25,482
383,2015,Glyph,1,25,483
384,2010,Glyph,0,20,484
385,2005,Glyph,1,15,485
386,2010,Glyph,1,20,486
387,2015,Glyph,1,25,487
388,2015,Glyph,1,25,488
389,2015,Glyph,1,25,489
390,2015,Glyph,1,25,490
391,1990,Glyph,1,0,491
392,1995,Glyph,1,5,492
393,2005,Glyph,0,15,493
394,1990,Glyph,1,0,494
395,2000,Glyph,0,10,495
396,2015,Glyph,1,25,496
397,2005,Grid,1,15,547
398,2015,Grid,1,25,548
399,2015,Grid,1,25,549
400,2010,Grid,0,20,550
401,2015,Grid,1,25,551
402,2000,Grid,1,10,552
403,2010,Grid,0,20,553
404,2010,Grid,0,20,554
405,2000,Grid,0,10,555
406,2010,Grid,1,20,556
407,2000,Grid,1,10,557
408,2015,Grid,1,25,558
409,2010,Grid,0,20,559
410,2015,Grid,1,25,560
411,2015,Grid,1,25,561
412,2010,Grid,1,20,562
413,2015,Grid,1,25,563
414,2015,Grid,1,25,564
415,2015,Grid,1,25,565
416,2015,Grid,1,25,566
417,2010,Grid,1,20,567
418,2010,Grid,1,20,568
419,2010,Grid,1,20,569
420,2015,Grid,1,25,570
421,2015,Grid,1,25,571
422,2000,Grid,1,10,572
423,2010,Grid,1,20,573
424,2010,Grid,1,20,574
425,2010,Grid,1,20,575
426,2010,Grid,1,20,576
427,2010,Grid,1,20,577
428,2010,Grid,1,20,578
429,2010,Grid,1,20,579
430,2010,Grid,1,20,580
431,2010,Grid,1,20,581
432,1995,Grid,1,5,582
433,2020,Grid,1,30,583
434,2015,Grid,1,25,584
435,2020,Grid,0,30,585
436,2020,Grid,1,30,586
437,2020,Grid,1,30,587
438,2020,Grid,1,30,588
439,1990,Grid,1,0,589
440,2020,Grid,1,30,590
441,1990,Grid,1,0,591
442,2020,Grid,1,30,592
443,2005,Grid,0,15,593
444,2020,Grid,1,30,594
445,2005,Grid,0,15,595
446,2020,Grid,1,30,596
447,2020,Grid,1,30,597
448,2020,Grid,1,30,598
449,1995,Grid,1,5,599
450,1990,Grid,0,0,600
451,1995,Grid,1,5,601
452,2005,Grid,1,15,602
453,2020,Grid,0,30,603
454,2020,Grid,1,30,604
455,2020,Grid,1,30,605
456,2020,Grid,0,30,606
457,2020,Grid,1,30,607
458,2005,Grid,1,15,608
459,2020,Grid,0,30,609
460,2020,Grid,0,30,610
461,2020,Grid,1,30,611
462,2005,Grid,1,15,612
463,1990,Grid,0,0,613
464,2005,Grid,1,15,614
465,1990,Grid,0,0,615
466,2020,Grid,1,30,616
467,1990,Grid,1,0,617
468,1995,Grid,0,5,618
469,2020,Grid,1,30,619
470,2020,Grid,1,30,620
471,1995,Grid,1,5,621
472,2005,Grid,1,15,622
473,1990,Grid,1,0,623
474,1995,Grid,1,5,624
475,2020,Grid,1,30,625
476,2020,Grid,1,30,626
477,2020,Grid,0,30,627
478,2005,Grid,0,15,628
479,2020,Grid,0,30,629
480,2015,Grid,1,25,630
481,2000,Grid,1,10,631
482,2000,Grid,0,10,632
483,2015,Grid,1,25,633
484,2010,Grid,1,20,634
485,2015,Grid,0,25,635
486,2015,Grid,1,25,636
487,2000,Grid,1,10,637
488,2010,Grid,1,20,638
489,2010,Grid,1,20,639
490,2010,Grid,1,20,640
491,2010,Grid,1,20,641
492,2010,Grid,1,20,642
493,2010,Grid,0,20,643
494,2010,Grid,0,20,644
495,2015,Grid,1,25,645
496,2010,Grid,1,20,646
497,2005,Grid,0,15,647
498,2000,Grid,0,10,648
499,2015,Grid,1,25,649
500,2000,Grid,0,10,650
501,2000,Grid,1,10,651
502,2000,Grid,0,10,652
503,2015,Grid,1,25,653
504,2005,Grid,1,15,654
505,1995,Grid,0,5,655
506,2020,Grid,1,30,656
507,2015,Grid,1,25,657
508,2005,Grid,0,15,658
509,2015,Grid,1,25,659
510,2010,Grid,0,20,660
511,2015,Grid,1,25,661
512,2020,Grid,1,30,662
513,2015,Grid,0,25,663
514,2015,Grid,1,25,664
515,1995,Grid,1,5,665
516,2015,Grid,0,25,666
517,2000,Grid,1,10,667
518,2000,Grid,1,10,668
519,2015,Grid,1,25,669
520,2005,Line,0,15,720
521,2010,Line,1,20,721
522,2010,Line,1,20,722
523,2005,Line,0,15,723
524,2005,Line,1,15,724
525,2010,Line,1,20,725
526,2010,Line,1,20,726
527,2005,Line,1,15,727
528,2005,Line,1,15,728
529,2010,Line,1,20,729
530,2010,Line,1,20,730
531,2010,Line,1,20,731
532,2005,Line,0,15,732
533,2010,Line,1,20,733
534,2010,Line,1,20,734
535,2010,Line,1,20,735
536,2005,Line,1,15,736
537,2005,Line,1,15,737
538,2010,Line,1,20,738
539,2010,Line,1,20,739
540,2005,Line,1,15,740
541,2010,Line,1,20,741
542,2005,Line,1,15,742
543,2005,Line,1,15,743
544,2005,Line,1,15,744
545,2005,Line,0,15,745
546,2010,Line,1,20,746
547,2010,Line,1,20,747
548,2010,Line,1,20,748
549,2005,Line,1,15,749
550,2010,Line,1,20,750
551,2010,Line,1,20,751
552,2010,Line,1,20,752
553,2010,Line,1,20,753
554,2010,Line,1,20,754
555,2010,Line,0,20,755
556,2010,Line,1,20,756
557,2010,Line,1,20,757
558,2010,Line,0,20,758
559,2005,Line,1,15,759
560,2010,Line,1,20,760
561,2010,Line,1,20,761
562,2010,Line,1,20,762
563,2005,Line,1,15,763
564,2005,Line,1,15,764
565,2005,Line,1,15,765
566,2005,Line,1,15,766
567,2005,Line,1,15,767
568,2010,Line,1,20,768
569,2005,Line,0,15,769
570,2005,Line,1,15,770
571,2005,Line,1,15,771
572,2005,Line,1,15,772
573,2005,Line,1,15,773
574,2005,Line,1,15,774
575,2005,Line,1,15,775
576,2010,Line,1,20,776
577,2005,Line,1,15,777
578,2005,Line,0,15,778
579,2005,Line,1,15,779
580,2005,Line,1,15,780
581,2015,Line,1,25,781
582,2010,Line,1,20,782
583,2020,Line,1,30,783
584,2020,Line,1,30,784
585,2020,Line,1,30,785
586,2020,Line,1,30,786
587,2020,Line,1,30,787
588,2020,Line,0,30,788
589,2020,Line,1,30,789
590,2020,Line,1,30,790
591,2020,Line,0,30,791
592,2020,Line,1,30,792
593,2020,Line,1,30,793
594,2020,Line,0,30,794
595,2020,Line,1,30,795
596,2020,Line,1,30,796
597,2020,Line,1,30,797
598,2020,Line,1,30,798
599,2020,Line,1,30,799
600,2020,Line,1,30,800
601,2020,Line,1,30,801
602,2020,Line,0,30,802
603,2020,Line,1,30,803
604,2020,Line,1,30,804
605,2020,Line,1,30,805
606,2015,Line,1,25,806
607,2015,Line,1,25,807
608,2015,Line,1,25,808
609,2015,Line,1,25,809
610,2015,Line,1,25,810
611,2015,Line,1,25,811
612,2015,Line,1,25,812
613,2015,Line,1,25,813
614,2015,Line,1,25,814
615,2020,Line,1,30,815
616,2015,Line,1,25,816
617,2015,Line,1,25,817
618,2020,Line,0,30,818
619,2020,Line,0,30,819
620,2020,Line,1,30,820
621,2020,Line,1,30,821
622,2020,Line,1,30,822
623,2020,Line,1,30,823
624,2020,Line,1,30,824
625,2020,Line,1,30,825
626,2015,Line,1,25,826
627,2015,Line,1,25,827
628,2020,Line,0,30,828
629,2020,Line,0,30,829
630,2020,Line,1,30,830
631,2020,Line,1,30,831
632,2020,Line,1,30,832
633,2020,Line,1,30,833
634,2020,Line,1,30,834
635,2020,Line,1,30,835
636,2020,Line,1,30,836
637,2020,Line,1,30,837
638,2020,Line,1,30,838
639,2020,Line,1,30,839
640,2020,Line,1,30,840
641,2020,Line,1,30,841
642,2020,Line,1,30,842
643,2000,Line,1,10,843
644,2005,Line,1,15,844
645,2005,Line,1,15,845
646,2015,Line,1,25,846
647,2015,Line,1,25,847
648,2020,Line,1,30,848
649,2020,Line,1,30,849
650,2020,Line,1,30,850
651,2020,Line,1,30,851
652,2020,Line,1,30,852
653,2020,Line,1,30,853
654,2020,Line,1,30,854
655,2020,Line,0,30,855
656,2020,Line,1,30,856
657,2020,Line,0,30,857
658,2020,Line,1,30,858
659,2020,Line,1,30,859
660,2020,Line,1,30,860
661,2020,Line,1,30,861
662,2020,Line,1,30,862
663,2020,Line,1,30,863
664,2020,Line,1,30,864
665,2020,Line,1,30,865
666,2020,Line,0,30,866
667,2020,Line,1,30,867
668,2020,Line,0,30,868
669,2020,Line,1,30,869
670,2020,Line,1,30,870
671,2020,Line,1,30,871
672,2020,Line,1,30,872
673,2020,Line,1,30,873
674,2015,Line,1,25,874
675,2015,Line,1,25,875
676,2015,Line,1,25,876
677,2010,Line,1,20,877
678,2010,Line,1,20,878
679,2010,Line,1,20,879
680,2010,Line,1,20,880
681,2010,Line,1,20,881
682,2010,Line,1,20,882
683,2010,Line,1,20,883
684,2010,Line,1,20,884
685,2010,Line,0,20,885
686,2010,Line,1,20,886
687,2010,Line,0,20,887
688,2010,Line,0,20,888
689,2010,Line,0,20,889
690,2010,Line,1,20,890
691,2010,Line,1,20,891
692,2015,Line,1,25,892
693,2015,Line,1,25,893
694,2015,Line,1,25,894
695,2015,Line,1,25,895
696,2010,Line,1,20,896
697,2010,Line,1,20,897
698,2010,Line,0,20,898
699,2010,Line,1,20,899
700,2010,Line,1,20,900
701,2010,Line,1,20,901
702,2010,Line,1,20,902
703,2010,Line,1,20,903
704,2010,Line,1,20,904
705,2010,Line,1,20,905
706,2010,Line,1,20,906
707,2010,Line,1,20,907
708,2010,Line,1,20,908
709,2015,Line,1,25,909
710,2010,Line,1,20,910
711,2010,Line,1,20,911
712,2010,Line,1,20,912
713,2010,Line,1,20,913
714,2010,Line,1,20,914
715,2010,Line,1,20,915
716,2010,Line,1,20,916
717,2010,Line,0,20,917
718,2010,Line,1,20,918
719,2010,Line,1,20,919
720,2010,Line,1,20,920
721,2015,Line,1,25,921
722,2015,Line,1,25,922
723,2015,Line,1,25,923
724,2015,Line,1,25,924
725,2015,Line,1,25,925
726,2015,Line,1,25,926
727,2015,Line,1,25,927
728,2015,Line,1,25,928
729,2015,Line,1,25,929
730,2015,Line,1,25,930
731,2015,Line,1,25,931
732,2015,Line,1,25,932
733,2015,Line,1,25,933
734,2015,Line,1,25,934
735,2015,Line,0,25,935
736,2015,Line,1,25,936
737,2015,Line,0,25,937
738,2015,Line,1,25,938
739,2015,Line,1,25,939
740,2015,Line,1,25,940
741,2015,Line,1,25,941
742,2015,Line,1,25,942
743,2015,Line,1,25,943
744,2015,Line,1,25,944
745,2010,Line,1,20,945
746,2015,Line,1,25,946
747,2015,Line,1,25,947
748,2015,Line,1,25,948
749,2015,Line,0,25,949
750,2015,Line,1,25,950
751,2015,Line,1,25,951
752,2015,Line,1,25,952
753,2015,Line,1,25,953
754,2015,Line,1,25,954
755,2015,Line,1,25,955
756,2015,Line,1,25,956
757,2015,Line,1,25,957
758,2015,Line,1,25,958
759,2015,Line,1,25,959
760,2015,Line,1,25,960
761,2015,Line,1,25,961
762,2015,Line,1,25,962
763,2015,Line,1,25,963
764,2015,Line,1,25,964
765,2015,Line,1,25,965
766,2015,Line,1,25,966
767,2015,Line,1,25,967
768,2015,Line,1,25,968
769,2005,Line,1,15,969
770,2020,Line,1,30,970
771,2005,Line,1,15,971
772,1995,Line,1,5,972
773,2005,Line,1,15,973
774,1995,Line,1,5,974
775,2000,Line,1,10,975
776,1995,Line,1,5,976
777,1995,Line,1,5,977
778,1995,Line,1,5,978
779,2005,Line,1,15,979
780,2000,Line,1,10,980
781,2005,Line,1,15,981
782,2000,Line,1,10,982
783,1995,Line,1,5,983
784,2005,Line,1,15,984
785,2000,Line,1,10,985
786,1995,Line,1,5,986
787,2000,Line,1,10,987
788,1990,Line,1,0,988
789,1990,Line,1,0,989
790,2000,Line,1,10,990
791,1990,Line,1,0,991
792,1995,Line,1,5,992
793,2000,Line,1,10,993
794,2000,Line,1,10,994
795,2000,Line,1,10,995
796,1990,Line,1,0,996
797,1995,Line,1,5,997
798,1995,Line,1,5,998
799,1995,Line,1,5,999
800,2000,Line,1,10,1000
801,2000,Line,1,10,1001
802,2005,Line,1,15,1002
803,2000,Line,1,10,1003
804,2005,Line,1,15,1004
805,2000,Line,1,10,1005
806,2000,Line,1,10,1006
807,1995,Line,1,5,1007
808,2000,Line,1,10,1008
809,2005,Line,1,15,1009
810,2000,Line,1,10,1010
811,1995,Line,1,5,1011
812,1995,Line,1,5,1012
813,1990,Line,1,0,1013
814,1995,Line,1,5,1014
815,1995,Line,1,5,1015
816,2000,Line,1,10,1016
817,1995,Line,1,5,1017
818,1990,Line,1,0,1018
819,1995,Line,1,5,1019
820,1995,Line,1,5,1020
821,1995,Line,1,5,1021
822,1995,Line,1,5,1022
823,1995,Line,1,5,1023
824,1995,Line,1,5,1024
825,2005,Line,1,15,1025
826,2000,Line,1,10,1026
827,1990,Line,1,0,1027
828,2005,Line,1,15,1028
829,2005,Line,1,15,1029
830,2005,Line,1,15,1030
831,2005,Line,1,15,1031
832,2005,Line,1,15,1032
833,1990,Line,1,0,1033
834,2005,Line,1,15,1034
835,2005,Line,1,15,1035
836,1990,Line,1,0,1036
837,2005,Line,0,15,1037
838,1990,Line,1,0,1038
839,2005,Line,1,15,1039
840,1990,Line,1,0,1040
841,2005,Line,1,15,1041
842,2005,Line,1,15,1042
843,1990,Line,1,0,1043
844,2005,Line,1,15,1044
845,2005,Line,1,15,1045
846,2005,Line,1,15,1046
847,2005,Line,1,15,1047
848,2005,Line,1,15,1048
849,2005,Line,1,15,1049
850,2005,Line,1,15,1050
851,2005,Line,1,15,1051
852,1990,Line,1,0,1052
853,1990,Line,1,0,1053
854,2005,Line,1,15,1054
855,2005,Line,1,15,1055
856,2005,Line,1,15,1056
857,2000,Line,1,10,1057
858,1995,Line,0,5,1058
859,2000,Line,1,10,1059
860,2005,Line,1,15,1060
861,2005,Line,1,15,1061
862,2005,Line,1,15,1062
863,2005,Line,1,15,1063
864,2005,Line,1,15,1064
865,2005,Line,1,15,1065
866,2005,Line,1,15,1066
867,1990,Line,1,0,1067
868,2005,Line,1,15,1068
869,1990,Line,1,0,1069
870,1990,Line,1,0,1070
871,2005,Line,1,15,1071
872,2005,Line,1,15,1072
873,1990,Line,1,0,1073
874,2005,Line,1,15,1074
875,2005,Line,1,15,1075
876,2005,Line,1,15,1076
877,1990,Line,1,0,1077
878,1990,Line,0,0,1078
879,1995,Line,1,5,1079
880,1995,Line,1,5,1080
881,2005,Line,1,15,1081
882,1995,Line,1,5,1082
883,1990,Line,1,0,1083
884,1995,Line,1,5,1084
885,2000,Line,1,10,1085
886,2000,Line,1,10,1086
887,2000,Line,1,10,1087
888,1990,Line,1,0,1088
889,1995,Line,1,5,1089
890,2000,Line,1,10,1090
891,2000,Line,1,10,1091
892,2000,Line,1,10,1092
893,2000,Line,1,10,1093
894,2000,Line,1,10,1094
895,2000,Line,1,10,1095
896,2000,Line,1,10,1096
897,2000,Line,1,10,1097
898,1995,Line,1,5,1098
899,2000,Line,1,10,1099
900,2000,Line,1,10,1100
901,1995,Line,0,5,1101
902,2000,Line,1,10,1102
903,1995,Line,1,5,1103
904,1990,Line,1,0,1104
905,2000,Line,1,10,1105
906,1995,Line,1,5,1106
907,1995,Line,1,5,1107
908,2005,Line,1,15,1108
909,2005,Line,1,15,1109
910,2005,Line,1,15,1110
911,2005,Line,1,15,1111
912,1995,Line,0,5,1112
913,1990,Line,1,0,1113
914,2000,Line,1,10,1114
915,2000,Line,1,10,1115
916,2000,Line,1,10,1116
917,1990,Line,1,0,1117
918,2000,Line,1,10,1118
919,2000,Line,1,10,1119
920,2000,Line,1,10,1120
921,2000,Line,1,10,1121
922,2005,Line,1,15,1122
923,2000,Line,1,10,1123
924,2000,Line,1,10,1124
925,1995,Line,1,5,1125
926,1995,Line,1,5,1126
927,1995,Line,1,5,1127
928,1995,Line,1,5,1128
929,2000,Line,1,10,1129
930,2005,Line,1,15,1130
931,2005,Line,1,15,1131
932,2000,Line,1,10,1132
933,2000,Line,1,10,1133
934,2000,Line,0,10,1134
935,2000,Line,1,10,1135
936,2000,Line,1,10,1136
937,2000,Line,1,10,1137
938,2000,Line,1,10,1138
939,2000,Line,1,10,1139
940,2000,Line,1,10,1140
941,2000,Line,1,10,1141
942,2000,Line,1,10,1142
943,2000,Line,1,10,1143
944,2000,Line,1,10,1144
945,2000,Line,1,10,1145
946,2000,Line,1,10,1146
947,2005,Line,1,15,1147
948,2005,Line,1,15,1148
949,2015,Node-link,1,25,1199
950,2000,Node-link,1,10,1200
951,2015,Node-link,0,25,1201
952,2000,Node-link,1,10,1202
953,2020,Node-link,1,30,1203
954,2015,Node-link,1,25,1204
955,2020,Node-link,1,30,1205
956,2015,Node-link,1,25,1206
957,1995,Node-link,1,5,1207
958,1990,Node-link,1,0,1208
959,1990,Node-link,1,0,1209
960,1990,Node-link,0,0,1210
961,2010,Node-link,1,20,1211
962,1990,Node-link,1,0,1212
963,2020,Node-link,1,30,1213
964,2015,Node-link,0,25,1214
965,1995,Node-link,1,5,1215
966,2015,Node-link,1,25,1216
967,2015,Node-link,1,25,1217
968,1995,Node-link,1,5,1218
969,2015,Node-link,1,25,1219
970,1995,Node-link,1,5,1220
971,2020,Node-link,1,30,1221
972,1995,Node-link,1,5,1222
973,1995,Node-link,1,5,1223
974,1995,Node-link,1,5,1224
975,2020,Node-link,0,30,1225
976,1995,Node-link,1,5,1226
977,2020,Node-link,1,30,1227
978,2005,Node-link,1,15,1228
979,2015,Node-link,1,25,1229
980,2020,Node-link,1,30,1230
981,1995,Node-link,1,5,1231
982,2015,Node-link,1,25,1232
983,1995,Node-link,1,5,1233
984,1995,Node-link,1,5,1234
985,1995,Node-link,1,5,1235
986,1995,Node-link,1,5,1236
987,1995,Node-link,1,5,1237
988,2015,Node-link,0,25,1238
989,2020,Node-link,1,30,1239
990,2015,Node-link,1,25,1240
991,2010,Node-link,1,20,1241
992,2000,Node-link,1,10,1242
993,2010,Node-link,0,20,1243
994,1995,Node-link,1,5,1244
995,2015,Node-link,1,25,1245
996,2015,Node-link,1,25,1246
997,2020,Node-link,1,30,1247
998,2020,Node-link,0,30,1248
999,2015,Node-link,1,25,1249
1000,2015,Node-link,1,25,1250
1001,2015,Node-link,1,25,1251
1002,2015,Node-link,1,25,1252
1003,2015,Node-link,1,25,1253
1004,2015,Node-link,1,25,1254
1005,2020,Node-link,1,30,1255
1006,2015,Node-link,1,25,1256
1007,2015,Node-link,0,25,1257
1008,2010,Node-link,1,20,1258
1009,2010,Node-link,1,20,1259
1010,2015,Node-link,1,25,1260
1011,2015,Node-link,1,25,1261
1012,2010,Node-link,0,20,1262
1013,2010,Node-link,1,20,1263
1014,2015,Node-link,1,25,1264
1015,2015,Node-link,1,25,1265
1016,1995,Node-link,1,5,1266
1017,2020,Node-link,1,30,1267
1018,2010,Node-link,0,20,1268
1019,2015,Node-link,1,25,1269
1020,1995,Node-link,1,5,1270
1021,2000,Node-link,1,10,1271
1022,2020,Node-link,1,30,1272
1023,2005,Node-link,1,15,1273
1024,2005,Node-link,1,15,1274
1025,2000,Node-link,1,10,1275
1026,2005,Node-link,1,15,1276
1027,2005,Node-link,1,15,1277
1028,2010,Node-link,0,20,1278
1029,2000,Node-link,1,10,1279
1030,2015,Node-link,1,25,1280
1031,2000,Node-link,1,10,1281
1032,2000,Node-link,1,10,1282
1033,2020,Node-link,1,30,1283
1034,2020,Node-link,1,30,1284
1035,2000,Node-link,0,10,1285
1036,2000,Node-link,1,10,1286
1037,2000,Node-link,1,10,1287
1038,2000,Node-link,1,10,1288
1039,2000,Node-link,1,10,1289
1040,1995,Node-link,1,5,1290
1041,2000,Node-link,1,10,1291
1042,1995,Node-link,1,5,1292
1043,2020,Node-link,1,30,1293
1044,1995,Node-link,1,5,1294
1045,2000,Node-link,1,10,1295
1046,2015,Node-link,1,25,1296
1047,2020,Node-link,1,30,1297
1048,2005,Node-link,1,15,1298
1049,2005,Node-link,1,15,1299
1050,2005,Node-link,0,15,1300
1051,2005,Node-link,1,15,1301
1052,2005,Node-link,1,15,1302
1053,2005,Node-link,1,15,1303
1054,2005,Node-link,1,15,1304
1055,2005,Node-link,1,15,1305
1056,2005,Node-link,1,15,1306
1057,2005,Node-link,1,15,1307
1058,2005,Node-link,1,15,1308
1059,2005,Node-link,1,15,1309
1060,2020,Node-link,1,30,1310
1061,2005,Node-link,1,15,1311
1062,2005,Node-link,1,15,1312
1063,2005,Node-link,1,15,1313
1064,2005,Node-link,1,15,1314
1065,2005,Node-link,1,15,1315
1066,2020,Node-link,0,30,1316
1067,2020,Node-link,1,30,1317
1068,1990,Node-link,1,0,1318
1069,2005,Node-link,0,15,1319
1070,2020,Node-link,1,30,1320
1071,2010,Node-link,1,20,1321
1072,2020,Node-link,0,30,1322
1073,2010,Node-link,1,20,1323
1074,2005,Node-link,1,15,1324
1075,2010,Node-link,1,20,1325
1076,2005,Node-link,1,15,1326
1077,2005,Node-link,1,15,1327
1078,2020,Node-link,1,30,1328
1079,2020,Node-link,1,30,1329
1080,2020,Node-link,1,30,1330
1081,2020,Node-link,1,30,1331
1082,2020,Node-link,1,30,1332
1083,2020,Node-link,1,30,1333
1084,2005,Node-link,1,15,1334
1085,2005,Node-link,1,15,1335
1086,2005,Node-link,1,15,1336
1087,2005,Node-link,0,15,1337
1088,1990,Node-link,1,0,1338
1089,1990,Node-link,1,0,1339
1090,2005,Node-link,1,15,1340
1091,2005,Node-link,0,15,1341
1092,2005,Node-link,0,15,1342
1093,1990,Node-link,1,0,1343
1094,1990,Node-link,1,0,1344
1095,1990,Node-link,1,0,1345
1096,1990,Node-link,1,0,1346
1097,2005,Node-link,1,15,1347
1098,2020,Node-link,1,30,1348
1099,1990,Node-link,1,0,1349
1100,2005,Node-link,1,15,1350
1101,2005,Node-link,1,15,1351
1102,2005,Node-link,1,15,1352
1103,2005,Node-link,1,15,1353
1104,2020,Node-link,1,30,1354
1105,2010,Node-link,1,20,1355
1106,2020,Node-link,1,30,1356
1107,2010,Node-link,0,20,1357
1108,2020,Node-link,1,30,1358
1109,1990,Node-link,1,0,1359
1110,2010,Node-link,1,20,1360
1111,2005,Node-link,1,15,1361
1112,1990,Node-link,1,0,1362
1113,2010,Node-link,0,20,1363
1114,1990,Node-link,1,0,1364
1115,2015,Node-link,1,25,1365
1116,2010,Node-link,1,20,1366
1117,2005,Node-link,1,15,1367
1118,2010,Pattern,0,20,1418
1119,2005,Pattern,1,15,1419
1120,2005,Pattern,1,15,1420
1121,2005,Pattern,1,15,1421
1122,2005,Pattern,1,15,1422
1123,2000,Pattern,1,10,1423
1124,2005,Pattern,1,15,1424
1125,2010,Pattern,0,20,1425
1126,2005,Pattern,1,15,1426
1127,2015,Pattern,1,25,1427
1128,2000,Pattern,1,10,1428
1129,2005,Pattern,1,15,1429
1130,2020,Pattern,1,30,1430
1131,2005,Pattern,0,15,1431
1132,2000,Pattern,1,10,1432
1133,2015,Pattern,1,25,1433
1134,1995,Pattern,1,5,1434
1135,1995,Pattern,1,5,1435
1136,2005,Pattern,1,15,1436
1137,1995,Pattern,1,5,1437
1138,2005,Pattern,0,15,1438
1139,2005,Pattern,0,15,1439
1140,2005,Pattern,1,15,1440
1141,2005,Pattern,0,15,1441
1142,2005,Pattern,1,15,1442
1143,2010,Pattern,1,20,1443
1144,2015,Pattern,1,25,1444
1145,2000,Pattern,1,10,1445
1146,2020,Pattern,1,30,1446
1147,2005,Pattern,1,15,1447
1148,1990,Pattern,0,0,1448
1149,2020,Pattern,1,30,1449
1150,2020,Pattern,1,30,1450
1151,2000,Pattern,1,10,1451
1152,2005,Pattern,1,15,1452
1153,2000,Pattern,1,10,1453
1154,2000,Pattern,1,10,1454
1155,2000,Pattern,1,10,1455
1156,2005,Pattern,1,15,1456
1157,2005,Pattern,1,15,1457
1158,2015,Pattern,1,25,1458
1159,2000,Pattern,0,10,1459
1160,2010,Pattern,0,20,1460
1161,2010,Pattern,1,20,1461
1162,1990,Pattern,1,0,1462
1163,2005,Pattern,0,15,1463
1164,2005,Pattern,0,15,1464
1165,1995,Pattern,0,5,1465
1166,2005,Pattern,0,15,1466
1167,2020,Pattern,1,30,1467
1168,2000,Pattern,1,10,1468
1169,2015,Pattern,1,25,1469
1170,2000,Point,1,10,1520
1171,2015,Point,1,25,1521
1172,2015,Point,1,25,1522
1173,2005,Point,1,15,1523
1174,2005,Point,1,15,1524
1175,2005,Point,1,15,1525
1176,2015,Point,1,25,1526
1177,2005,Point,0,15,1527
1178,2000,Point,0,10,1528
1179,2005,Point,1,15,1529
1180,2015,Point,1,25,1530
1181,2020,Point,1,30,1531
1182,2020,Point,0,30,1532
1183,2015,Point,1,25,1533
1184,2015,Point,1,25,1534
1185,2015,Point,1,25,1535
1186,2015,Point,1,25,1536
1187,2015,Point,1,25,1537
1188,2015,Point,1,25,1538
1189,2015,Point,0,25,1539
1190,2015,Point,1,25,1540
1191,2015,Point,1,25,1541
1192,2015,Point,1,25,1542
1193,1995,Point,1,5,1543
1194,1995,Point,1,5,1544
1195,2015,Point,1,25,1545
1196,1990,Point,1,0,1546
1197,1990,Point,0,0,1547
1198,2015,Point,1,25,1548
1199,2005,Point,1,15,1549
1200,2015,Point,1,25,1550
1201,2020,Point,1,30,1551
1202,2015,Point,1,25,1552
1203,2015,Point,1,25,1553
1204,2005,Point,1,15,1554
1205,2020,Point,1,30,1555
1206,2010,Point,1,20,1556
1207,2020,Point,1,30,1557
1208,2015,Point,1,25,1558
1209,1995,Point,1,5,1559
1210,2015,Point,1,25,1560
1211,2015,Point,1,25,1561
1212,2020,Point,1,30,1562
1213,2015,Point,1,25,1563
1214,2020,Point,1,30,1564
1215,2015,Point,1,25,1565
1216,2015,Point,1,25,1566
1217,2020,Point,0,30,1567
1218,2015,Point,1,25,1568
1219,2015,Point,0,25,1569
1220,2015,Point,1,25,1570
1221,2015,Point,1,25,1571
1222,2015,Point,1,25,1572
1223,2015,Point,0,25,1573
1224,2015,Point,1,25,1574
1225,2015,Point,0,25,1575
1226,2015,Point,1,25,1576
1227,2015,Point,0,25,1577
1228,1990,Point,1,0,1578
1229,1990,Point,1,0,1579
1230,2015,Point,1,25,1580
1231,2015,Point,1,25,1581
1232,1990,Point,0,0,1582
1233,2015,Point,1,25,1583
1234,2020,Point,1,30,1584
1235,2020,Point,1,30,1585
1236,2020,Point,0,30,1586
1237,2020,Point,1,30,1587
1238,2020,Point,1,30,1588
1239,2020,Point,1,30,1589
1240,2020,Point,1,30,1590
1241,2005,Point,1,15,1591
1242,1995,Point,1,5,1592
1243,2000,Point,1,10,1593
1244,2020,Point,0,30,1594
1245,2015,Point,1,25,1595
1246,2015,Point,1,25,1596
1247,2005,Point,1,15,1597
1248,1995,Point,1,5,1598
1249,2020,Point,1,30,1599
1250,2015,Point,1,25,1600
1251,2015,Point,1,25,1601
1252,2015,Point,1,25,1602
1253,2000,Point,1,10,1603
1254,1995,Point,1,5,1604
1255,2000,Point,1,10,1605
1256,2000,Point,1,10,1606
1257,2015,Point,1,25,1607
1258,2000,Point,0,10,1608
1259,2020,Point,1,30,1609
1260,2005,Point,1,15,1610
1261,2000,Point,1,10,1611
1262,2005,Point,1,15,1612
1263,2020,Point,0,30,1613
1264,2020,Point,1,30,1614
1265,2020,Point,1,30,1615
1266,2020,Point,1,30,1616
1267,2020,Point,1,30,1617
1268,2020,Point,1,30,1618
1269,2000,Point,1,10,1619
1270,2015,Point,1,25,1620
1271,2000,Point,1,10,1621
1272,2020,Point,1,30,1622
1273,2020,Point,1,30,1623
1274,2005,Point,1,15,1624
1275,2005,Point,0,15,1625
1276,2020,Point,1,30,1626
1277,2010,Point,1,20,1627
1278,2020,Point,1,30,1628
1279,2020,Point,1,30,1629
1280,2010,Point,1,20,1630
1281,2020,Point,1,30,1631
1282,2000,Point,0,10,1632
1283,2000,Point,0,10,1633
1284,2020,Point,0,30,1634
1285,2020,Point,1,30,1635
1286,2020,Point,1,30,1636
1287,1995,Point,1,5,1637
1288,1990,Point,0,0,1638
1289,2020,Point,0,30,1639
1290,2000,Point,1,10,1640
1291,2020,Point,1,30,1641
1292,2010,Point,1,20,1642
1293,1995,Point,1,5,1643
1294,2020,Point,0,30,1644
1295,2020,Point,1,30,1645
1296,2020,Point,1,30,1646
1297,2020,Point,1,30,1647
1298,2020,Point,1,30,1648
1299,2010,Point,1,20,1649
1300,2010,Point,1,20,1650
1301,2010,Point,1,20,1651
1302,2020,Point,1,30,1652
1303,2010,Point,1,20,1653
1304,2010,Point,1,20,1654
1305,2010,Point,1,20,1655
1306,2010,Point,1,20,1656
1307,2010,Point,1,20,1657
1308,2010,Point,1,20,1658
1309,2005,Point,0,15,1659
1310,2010,Point,1,20,1660
1311,2020,Point,0,30,1661
1312,2020,Point,0,30,1662
1313,2020,Point,0,30,1663
1314,2010,Point,1,20,1664
1315,2020,Point,1,30,1665
1316,1990,Point,1,0,1666
1317,1990,Point,1,0,1667
1318,2010,Point,1,20,1668
1319,2020,Point,0,30,1669
1320,2010,Point,1,20,1670
1321,2010,Point,1,20,1671
1322,2010,Point,1,20,1672
1323,2010,Point,1,20,1673
1324,2020,Point,1,30,1674
1325,2020,Point,1,30,1675
1326,2010,Point,1,20,1676
1327,2010,Point,1,20,1677
1328,2000,Point,1,10,1678
1329,2010,Point,1,20,1679
1330,2010,Point,1,20,1680
1331,2010,Point,0,20,1681
1332,2010,Point,1,20,1682
1333,2010,Point,1,20,1683
1334,2020,Point,1,30,1684
1335,2010,Point,0,20,1685
1336,2010,Point,1,20,1686
1337,2020,Point,0,30,1687
1338,2020,Point,1,30,1688
1339,2010,Point,1,20,1689
1340,2020,Point,1,30,1690
1341,2000,Point,1,10,1691
1342,2000,Point,1,10,1692
1343,2010,Point,0,20,1693
1344,2010,Point,1,20,1694
1345,1995,Surface/Volume,1,5,1745
1346,2000,Surface/Volume,1,10,1746
1347,2020,Surface/Volume,1,30,1747
1348,2000,Surface/Volume,1,10,1748
1349,1995,Surface/Volume,1,5,1749
1350,1995,Surface/Volume,1,5,1750
1351,2020,Surface/Volume,1,30,1751
1352,1995,Surface/Volume,1,5,1752
1353,1995,Surface/Volume,1,5,1753
1354,1990,Surface/Volume,1,0,1754
1355,2020,Surface/Volume,1,30,1755
1356,1990,Surface/Volume,1,0,1756
1357,2015,Surface/Volume,1,25,1757
1358,1990,Surface/Volume,1,0,1758
1359,1995,Surface/Volume,1,5,1759
1360,1995,Surface/Volume,1,5,1760
1361,2005,Surface/Volume,1,15,1761
1362,1990,Surface/Volume,1,0,1762
1363,1990,Surface/Volume,1,0,1763
1364,2020,Surface/Volume,1,30,1764
1365,1990,Surface/Volume,1,0,1765
1366,1995,Surface/Volume,1,5,1766
1367,1995,Surface/Volume,1,5,1767
1368,2020,Surface/Volume,1,30,1768
1369,1995,Surface/Volume,1,5,1769
1370,1990,Surface/Volume,1,0,1770
1371,2020,Surface/Volume,1,30,1771
1372,1995,Surface/Volume,1,5,1772
1373,2020,Surface/Volume,1,30,1773
1374,2020,Surface/Volume,1,30,1774
1375,1990,Surface/Volume,1,0,1775
1376,1995,Surface/Volume,1,5,1776
1377,2020,Surface/Volume,1,30,1777
1378,1995,Surface/Volume,1,5,1778
1379,1995,Surface/Volume,1,5,1779
1380,2020,Surface/Volume,1,30,1780
1381,2020,Surface/Volume,1,30,1781
1382,1990,Surface/Volume,1,0,1782
1383,1995,Surface/Volume,1,5,1783
1384,2020,Surface/Volume,1,30,1784
1385,2020,Surface/Volume,1,30,1785
1386,2020,Surface/Volume,1,30,1786
1387,2020,Surface/Volume,1,30,1787
1388,2020,Surface/Volume,1,30,1788
1389,1995,Surface/Volume,1,5,1789
1390,1995,Surface/Volume,0,5,1790
1391,1995,Surface/Volume,1,5,1791
1392,1990,Surface/Volume,1,0,1792
1393,1995,Surface/Volume,1,5,1793
1394,1995,Surface/Volume,1,5,1794
1395,1995,Surface/Volume,1,5,1795
1396,1990,Surface/Volume,1,0,1796
1397,1990,Surface/Volume,1,0,1797
1398,1995,Surface/Volume,1,5,1798
1399,1990,Surface/Volume,1,0,1799
1400,1990,Surface/Volume,1,0,1800
1401,1990,Surface/Volume,1,0,1801
1402,2020,Surface/Volume,1,30,1802
1403,2015,Surface/Volume,1,25,1803
1404,1990,Surface/Volume,1,0,1804
1405,2020,Surface/Volume,1,30,1805
1406,2020,Surface/Volume,1,30,1806
1407,2015,Surface/Volume,1,25,1807
1408,1990,Surface/Volume,1,0,1808
1409,1995,Surface/Volume,1,5,1809
1410,1990,Surface/Volume,1,0,1810
1411,1990,Surface/Volume,1,0,1811
1412,1990,Surface/Volume,1,0,1812
1413,1995,Surface/Volume,1,5,1813
1414,1995,Surface/Volume,1,5,1814
1415,1990,Surface/Volume,1,0,1815
1416,1995,Surface/Volume,1,5,1816
1417,1995,Surface/Volume,1,5,1817
1418,2015,Surface/Volume,1,25,1818
1419,1995,Surface/Volume,1,5,1819
1420,1990,Surface/Volume,1,0,1820
1421,2015,Surface/Volume,1,25,1821
1422,2015,Surface/Volume,1,25,1822
1423,2015,Surface/Volume,1,25,1823
1424,2015,Surface/Volume,1,25,1824
1425,1990,Surface/Volume,1,0,1825
1426,1990,Surface/Volume,1,0,1826
1427,1995,Surface/Volume,1,5,1827
1428,1990,Surface/Volume,1,0,1828
1429,1995,Surface/Volume,1,5,1829
1430,2015,Surface/Volume,1,25,1830
1431,2020,Surface/Volume,1,30,1831
1432,2015,Surface/Volume,1,25,1832
1433,1990,Surface/Volume,1,0,1833
1434,1990,Surface/Volume,1,0,1834
1435,2015,Surface/Volume,1,25,1835
1436,2015,Surface/Volume,1,25,1836
1437,2015,Surface/Volume,1,25,1837
1438,2010,Surface/Volume,1,20,1838
1439,2015,Surface/Volume,1,25,1839
1440,1990,Surface/Volume,1,0,1840
1441,2015,Surface/Volume,0,25,1841
1442,1995,Surface/Volume,1,5,1842
1443,1995,Surface/Volume,1,5,1843
1444,1990,Surface/Volume,1,0,1844
1445,1990,Surface/Volume,1,0,1845
1446,1995,Surface/Volume,1,5,1846
1447,1995,Surface/Volume,1,5,1847
1448,2015,Surface/Volume,1,25,1848
1449,1990,Surface/Volume,1,0,1849
1450,1995,Surface/Volume,1,5,1850
1451,2015,Surface/Volume,1,25,1851
1452,1995,Surface/Volume,1,5,1852
1453,1990,Surface/Volume,1,0,1853
1454,1990,Surface/Volume,1,0,1854
1455,1990,Surface/Volume,1,0,1855
1456,1995,Surface/Volume,1,5,1856
1457,2015,Surface/Volume,0,25,1857
1458,2020,Surface/Volume,0,30,1858
1459,2020,Surface/Volume,1,30,1859
1460,1990,Surface/Volume,1,0,1860
1461,1995,Surface/Volume,1,5,1861
1462,2020,Surface/Volume,1,30,1862
1463,1995,Surface/Volume,0,5,1863
1464,1995,Surface/Volume,1,5,1864
1465,1995,Surface/Volume,1,5,1865
1466,2020,Surface/Volume,1,30,1866
1467,1990,Surface/Volume,1,0,1867
1468,2020,Surface/Volume,1,30,1868
1469,2020,Surface/Volume,1,30,1869
1470,1995,Surface/Volume,1,5,1870
1471,1995,Surface/Volume,1,5,1871
1472,1990,Surface/Volume,1,0,1872
1473,1990,Surface/Volume,1,0,1873
1474,1990,Surface/Volume,1,0,1874
1475,1990,Surface/Volume,1,0,1875
1476,1990,Surface/Volume,1,0,1876
1477,2020,Surface/Volume,1,30,1877
1478,1990,Surface/Volume,1,0,1878
1479,1995,Surface/Volume,1,5,1879
1480,1990,Surface/Volume,1,0,1880
1481,1995,Surface/Volume,1,5,1881
1482,1995,Surface/Volume,1,5,1882
1483,2020,Surface/Volume,1,30,1883
1484,2020,Surface/Volume,0,30,1884
1485,1995,Surface/Volume,1,5,1885
1486,1990,Surface/Volume,1,0,1886
1487,1995,Surface/Volume,1,5,1887
1488,2020,Surface/Volume,1,30,1888
1489,2020,Surface/Volume,1,30,1889
1490,1995,Surface/Volume,1,5,1890
1491,1995,Surface/Volume,1,5,1891
1492,1995,Surface/Volume,1,5,1892
1493,1990,Surface/Volume,1,0,1893
1494,1990,Surface/Volume,1,0,1894
1495,1990,Surface/Volume,1,0,1895
1496,1990,Surface/Volume,1,0,1896
1497,1990,Surface/Volume,1,0,1897
1498,1990,Surface/Volume,1,0,1898
1499,1990,Surface/Volume,1,0,1899
1500,2020,Surface/Volume,1,30,1900
1501,1995,Surface/Volume,1,5,1901
1502,1995,Surface/Volume,1,5,1902
1503,1995,Surface/Volume,1,5,1903
1504,1995,Surface/Volume,1,5,1904
1505,1995,Surface/Volume,1,5,1905
1506,1995,Surface/Volume,1,5,1906
1507,1995,Surface/Volume,1,5,1907
1508,1990,Surface/Volume,1,0,1908
1509,1995,Surface/Volume,1,5,1909
1510,1990,Surface/Volume,1,0,1910
1511,2020,Surface/Volume,1,30,1911
1512,1995,Surface/Volume,1,5,1912
1513,2020,Surface/Volume,1,30,1913
1514,2020,Surface/Volume,1,30,1914
1515,1995,Surface/Volume,1,5,1915
1516,1995,Surface/Volume,1,5,1916
1517,1990,Surface/Volume,1,0,1917
1518,1990,Surface/Volume,1,0,1918
1519,1995,Surface/Volume,1,5,1919
1520,1995,Surface/Volume,1,5,1920
1521,1995,Surface/Volume,1,5,1921
1522,2020,Surface/Volume,1,30,1922
1523,2020,Surface/Volume,1,30,1923
1524,2020,Surface/Volume,1,30,1924
1525,1990,Surface/Volume,1,0,1925
1526,2020,Surface/Volume,1,30,1926
1527,1990,Surface/Volume,1,0,1927
1528,1995,Surface/Volume,1,5,1928
1529,1990,Surface/Volume,1,0,1929
1530,1990,Surface/Volume,1,0,1930
1531,2020,Surface/Volume,1,30,1931
1532,1995,Surface/Volume,1,5,1932
1533,1990,Surface/Volume,1,0,1933
1534,1990,Surface/Volume,1,0,1934
1535,1990,Surface/Volume,1,0,1935
1536,1990,Surface/Volume,1,0,1936
1537,2020,Surface/Volume,1,30,1937
1538,2020,Surface/Volume,1,30,1938
1539,2020,Surface/Volume,1,30,1939
1540,2020,Surface/Volume,1,30,1940
1541,2020,Surface/Volume,1,30,1941
1542,2020,Surface/Volume,1,30,1942
1543,2020,Surface/Volume,1,30,1943
1544,2020,Surface/Volume,1,30,1944
1545,1990,Surface/Volume,1,0,1945
1546,1995,Surface/Volume,1,5,1946
1547,1990,Surface/Volume,1,0,1947
1548,2020,Surface/Volume,1,30,1948
1549,2020,Surface/Volume,0,30,1949
1550,1995,Surface/Volume,1,5,1950
1551,2020,Surface/Volume,1,30,1951
1552,1995,Surface/Volume,1,5,1952
1553,2020,Surface/Volume,1,30,1953
1554,2020,Surface/Volume,1,30,1954
1555,2020,Surface/Volume,1,30,1955
1556,2020,Surface/Volume,1,30,1956
1557,2020,Surface/Volume,1,30,1957
1558,1995,Surface/Volume,0,5,1958
1559,2020,Surface/Volume,1,30,1959
1560,2020,Surface/Volume,0,30,1960
1561,1995,Surface/Volume,1,5,1961
1562,2020,Surface/Volume,1,30,1962
1563,2020,Surface/Volume,1,30,1963
1564,2020,Surface/Volume,1,30,1964
1565,2020,Surface/Volume,1,30,1965
1566,1990,Surface/Volume,1,0,1966
1567,1995,Surface/Volume,1,5,1967
1568,2020,Surface/Volume,1,30,1968
1569,2020,Surface/Volume,1,30,1969
1570,2020,Surface/Volume,1,30,1970
1571,2020,Surface/Volume,1,30,1971
1572,1990,Surface/Volume,1,0,1972
1573,1990,Surface/Volume,1,0,1973
1574,1995,Surface/Volume,1,5,1974
1575,2020,Surface/Volume,1,30,1975
1576,1990,Surface/Volume,1,0,1976
1577,2000,Surface/Volume,1,10,1977
1578,2015,Surface/Volume,1,25,1978
1579,2005,Surface/Volume,1,15,1979
1580,2005,Surface/Volume,1,15,1980
1581,2005,Surface/Volume,0,15,1981
1582,2005,Surface/Volume,1,15,1982
1583,2005,Surface/Volume,1,15,1983
1584,2005,Surface/Volume,1,15,1984
1585,2005,Surface/Volume,1,15,1985
1586,2005,Surface/Volume,1,15,1986
1587,2010,Surface/Volume,1,20,1987
1588,2005,Surface/Volume,1,15,1988
1589,2010,Surface/Volume,1,20,1989
1590,2005,Surface/Volume,1,15,1990
1591,2005,Surface/Volume,1,15,1991
1592,2010,Surface/Volume,1,20,1992
1593,2010,Surface/Volume,1,20,1993
1594,2010,Surface/Volume,1,20,1994
1595,2010,Surface/Volume,1,20,1995
1596,2010,Surface/Volume,1,20,1996
1597,2010,Surface/Volume,1,20,1997
1598,2010,Surface/Volume,1,20,1998
1599,2010,Surface/Volume,1,20,1999
1600,2010,Surface/Volume,1,20,2000
1601,2010,Surface/Volume,1,20,2001
1602,2005,Surface/Volume,1,15,2002
1603,2005,Surface/Volume,1,15,2003
1604,2005,Surface/Volume,1,15,2004
1605,2005,Surface/Volume,1,15,2005
1606,2005,Surface/Volume,1,15,2006
1607,2005,Surface/Volume,1,15,2007
1608,2005,Surface/Volume,1,15,2008
1609,2005,Surface/Volume,1,15,2009
1610,2005,Surface/Volume,1,15,2010
1611,2005,Surface/Volume,1,15,2011
1612,2005,Surface/Volume,1,15,2012
1613,2005,Surface/Volume,1,15,2013
1614,2005,Surface/Volume,1,15,2014
1615,2005,Surface/Volume,1,15,2015
1616,2005,Surface/Volume,1,15,2016
1617,2005,Surface/Volume,1,15,2017
1618,2005,Surface/Volume,1,15,2018
1619,2005,Surface/Volume,1,15,2019
1620,2005,Surface/Volume,1,15,2020
1621,2005,Surface/Volume,1,15,2021
1622,2005,Surface/Volume,1,15,2022
1623,2005,Surface/Volume,1,15,2023
1624,2005,Surface/Volume,1,15,2024
1625,2005,Surface/Volume,1,15,2025
1626,2005,Surface/Volume,1,15,2026
1627,2005,Surface/Volume,1,15,2027
1628,2005,Surface/Volume,1,15,2028
1629,2005,Surface/Volume,1,15,2029
1630,2005,Surface/Volume,1,15,2030
1631,2005,Surface/Volume,1,15,2031
1632,2005,Surface/Volume,1,15,2032
1633,2010,Surface/Volume,1,20,2033
1634,2010,Surface/Volume,1,20,2034
1635,2010,Surface/Volume,1,20,2035
1636,2010,Surface/Volume,1,20,2036
1637,2010,Surface/Volume,1,20,2037
1638,2010,Surface/Volume,1,20,2038
1639,2010,Surface/Volume,1,20,2039
1640,2010,Surface/Volume,1,20,2040
1641,2010,Surface/Volume,1,20,2041
1642,2010,Surface/Volume,1,20,2042
1643,2010,Surface/Volume,1,20,2043
1644,2010,Surface/Volume,1,20,2044
1645,2010,Surface/Volume,1,20,2045
1646,2010,Surface/Volume,1,20,2046
1647,2010,Surface/Volume,1,20,2047
1648,2005,Surface/Volume,1,15,2048
1649,2005,Surface/Volume,1,15,2049
1650,2005,Surface/Volume,1,15,2050
1651,2005,Surface/Volume,1,15,2051
1652,2010,Surface/Volume,1,20,2052
1653,2005,Surface/Volume,1,15,2053
1654,2005,Surface/Volume,1,15,2054
1655,2015,Surface/Volume,1,25,2055
1656,2010,Surface/Volume,0,20,2056
1657,2010,Surface/Volume,1,20,2057
1658,2005,Surface/Volume,1,15,2058
1659,2010,Surface/Volume,1,20,2059
1660,2010,Surface/Volume,1,20,2060
1661,2010,Surface/Volume,1,20,2061
1662,2010,Surface/Volume,1,20,2062
1663,2010,Surface/Volume,1,20,2063
1664,2010,Surface/Volume,1,20,2064
1665,2010,Surface/Volume,1,20,2065
1666,2010,Surface/Volume,1,20,2066
1667,2010,Surface/Volume,1,20,2067
1668,2010,Surface/Volume,1,20,2068
1669,2010,Surface/Volume,1,20,2069
1670,2010,Surface/Volume,1,20,2070
1671,2010,Surface/Volume,1,20,2071
1672,2005,Surface/Volume,0,15,2072
1673,2010,Surface/Volume,1,20,2073
1674,2010,Surface/Volume,1,20,2074
1675,2010,Surface/Volume,1,20,2075
1676,2010,Surface/Volume,1,20,2076
1677,2010,Surface/Volume,1,20,2077
1678,2010,Surface/Volume,1,20,2078
1679,2010,Surface/Volume,0,20,2079
1680,2010,Surface/Volume,1,20,2080
1681,2010,Surface/Volume,1,20,2081
1682,2010,Surface/Volume,1,20,2082
1683,2010,Surface/Volume,1,20,2083
1684,2010,Surface/Volume,1,20,2084
1685,2010,Surface/Volume,1,20,2085
1686,2010,Surface/Volume,1,20,2086
1687,2005,Surface/Volume,1,15,2087
1688,2005,Surface/Volume,1,15,2088
1689,2005,Surface/Volume,1,15,2089
1690,2005,Surface/Volume,1,15,2090
1691,2005,Surface/Volume,1,15,2091
1692,2005,Surface/Volume,1,15,2092
1693,2005,Surface/Volume,1,15,2093
1694,2005,Surface/Volume,1,15,2094
1695,2005,Surface/Volume,1,15,2095
1696,2005,Surface/Volume,1,15,2096
1697,2005,Surface/Volume,1,15,2097
1698,2005,Surface/Volume,1,15,2098
1699,2005,Surface/Volume,1,15,2099
1700,2005,Surface/Volume,1,15,2100
1701,2005,Surface/Volume,1,15,2101
1702,2005,Surface/Volume,1,15,2102
1703,2005,Surface/Volume,1,15,2103
1704,2005,Surface/Volume,1,15,2104
1705,2005,Surface/Volume,1,15,2105
1706,2005,Surface/Volume,1,15,2106
1707,2005,Surface/Volume,1,15,2107
1708,2005,Surface/Volume,1,15,2108
1709,2005,Surface/Volume,1,15,2109
1710,2005,Surface/Volume,1,15,2110
1711,2005,Surface/Volume,1,15,2111
1712,2005,Surface/Volume,1,15,2112
1713,2005,Surface/Volume,1,15,2113
1714,2005,Surface/Volume,1,15,2114
1715,2005,Surface/Volume,1,15,2115
1716,2005,Surface/Volume,1,15,2116
1717,2005,Surface/Volume,1,15,2117
1718,2005,Surface/Volume,1,15,2118
1719,2005,Surface/Volume,1,15,2119
1720,2005,Surface/Volume,1,15,2120
1721,2005,Surface/Volume,1,15,2121
1722,2005,Surface/Volume,1,15,2122
1723,2005,Surface/Volume,1,15,2123
1724,2005,Surface/Volume,1,15,2124
1725,2005,Surface/Volume,1,15,2125
1726,2005,Surface/Volume,1,15,2126
1727,2005,Surface/Volume,1,15,2127
1728,2005,Surface/Volume,1,15,2128
1729,2005,Surface/Volume,1,15,2129
1730,2005,Surface/Volume,1,15,2130
1731,2005,Surface/Volume,1,15,2131
1732,2005,Surface/Volume,1,15,2132
1733,2005,Surface/Volume,1,15,2133
1734,2005,Surface/Volume,1,15,2134
1735,2005,Surface/Volume,1,15,2135
1736,2005,Surface/Volume,1,15,2136
1737,2005,Surface/Volume,1,15,2137
1738,2005,Surface/Volume,1,15,2138
1739,2005,Surface/Volume,1,15,2139
1740,2005,Surface/Volume,1,15,2140
1741,2005,Surface/Volume,0,15,2141
1742,2005,Surface/Volume,1,15,2142
1743,2005,Surface/Volume,1,15,2143
1744,2005,Surface/Volume,1,15,2144
1745,2005,Surface/Volume,1,15,2145
1746,2005,Surface/Volume,1,15,2146
1747,2005,Surface/Volume,1,15,2147
1748,2005,Surface/Volume,0,15,2148
1749,2005,Surface/Volume,1,15,2149
1750,2005,Surface/Volume,1,15,2150
1751,2005,Surface/Volume,1,15,2151
1752,2005,Surface/Volume,1,15,2152
1753,2005,Surface/Volume,0,15,2153
1754,2005,Surface/Volume,1,15,2154
1755,2005,Surface/Volume,1,15,2155
1756,2005,Surface/Volume,1,15,2156
1757,2005,Surface/Volume,1,15,2157
1758,2005,Surface/Volume,1,15,2158
1759,2005,Surface/Volume,1,15,2159
1760,2005,Surface/Volume,1,15,2160
1761,2005,Surface/Volume,1,15,2161
1762,2005,Surface/Volume,1,15,2162
1763,2005,Surface/Volume,1,15,2163
1764,2005,Surface/Volume,1,15,2164
1765,2005,Surface/Volume,1,15,2165
1766,2005,Surface/Volume,1,15,2166
1767,2005,Surface/Volume,1,15,2167
1768,2005,Surface/Volume,1,15,2168
1769,2005,Surface/Volume,1,15,2169
1770,2005,Surface/Volume,1,15,2170
1771,2005,Surface/Volume,1,15,2171
1772,2005,Surface/Volume,1,15,2172
1773,2005,Surface/Volume,1,15,2173
1774,2005,Surface/Volume,1,15,2174
1775,2005,Surface/Volume,1,15,2175
1776,2005,Surface/Volume,0,15,2176
1777,2005,Surface/Volume,1,15,2177
1778,2005,Surface/Volume,1,15,2178
1779,2005,Surface/Volume,1,15,2179
1780,2005,Surface/Volume,1,15,2180
1781,2005,Surface/Volume,1,15,2181
1782,2005,Surface/Volume,1,15,2182
1783,2005,Surface/Volume,1,15,2183
1784,2005,Surface/Volume,1,15,2184
1785,2005,Surface/Volume,1,15,2185
1786,2005,Surface/Volume,1,15,2186
1787,2005,Surface/Volume,1,15,2187
1788,2005,Surface/Volume,1,15,2188
1789,2005,Surface/Volume,1,15,2189
1790,2005,Surface/Volume,1,15,2190
1791,2005,Surface/Volume,1,15,2191
1792,2005,Surface/Volume,1,15,2192
1793,2005,Surface/Volume,1,15,2193
1794,2005,Surface/Volume,1,15,2194
1795,2005,Surface/Volume,1,15,2195
1796,2010,Surface/Volume,1,20,2196
1797,2010,Surface/Volume,1,20,2197
1798,2010,Surface/Volume,1,20,2198
1799,2000,Surface/Volume,1,10,2199
1800,2000,Surface/Volume,1,10,2200
1801,2000,Surface/Volume,1,10,2201
1802,2000,Surface/Volume,1,10,2202
1803,2000,Surface/Volume,1,10,2203
1804,2000,Surface/Volume,0,10,2204
1805,2000,Surface/Volume,1,10,2205
1806,2000,Surface/Volume,1,10,2206
1807,2000,Surface/Volume,1,10,2207
1808,2000,Surface/Volume,1,10,2208
1809,2000,Surface/Volume,1,10,2209
1810,2000,Surface/Volume,1,10,2210
1811,2000,Surface/Volume,1,10,2211
1812,2015,Surface/Volume,1,25,2212
1813,2000,Surface/Volume,1,10,2213
1814,2015,Surface/Volume,1,25,2214
1815,2000,Surface/Volume,1,10,2215
1816,2000,Surface/Volume,1,10,2216
1817,2000,Surface/Volume,1,10,2217
1818,2000,Surface/Volume,1,10,2218
1819,2000,Surface/Volume,1,10,2219
1820,2015,Surface/Volume,0,25,2220
1821,2015,Surface/Volume,1,25,2221
1822,2000,Surface/Volume,1,10,2222
1823,2000,Surface/Volume,1,10,2223
1824,2015,Surface/Volume,1,25,2224
1825,2000,Surface/Volume,0,10,2225
1826,2000,Surface/Volume,1,10,2226
1827,2010,Surface/Volume,1,20,2227
1828,2000,Surface/Volume,1,10,2228
1829,2000,Surface/Volume,1,10,2229
1830,2000,Surface/Volume,1,10,2230
1831,2000,Surface/Volume,1,10,2231
1832,2000,Surface/Volume,1,10,2232
1833,2000,Surface/Volume,1,10,2233
1834,2000,Surface/Volume,1,10,2234
1835,2000,Surface/Volume,1,10,2235
1836,2000,Surface/Volume,1,10,2236
1837,2000,Surface/Volume,1,10,2237
1838,2000,Surface/Volume,1,10,2238
1839,2000,Surface/Volume,1,10,2239
1840,2000,Surface/Volume,1,10,2240
1841,2000,Surface/Volume,1,10,2241
1842,2000,Surface/Volume,1,10,2242
1843,2000,Surface/Volume,1,10,2243
1844,2000,Surface/Volume,1,10,2244
1845,2000,Surface/Volume,1,10,2245
1846,2000,Surface/Volume,1,10,2246
1847,2000,Surface/Volume,1,10,2247
1848,2000,Surface/Volume,1,10,2248
1849,2000,Surface/Volume,1,10,2249
1850,2000,Surface/Volume,1,10,2250
1851,2000,Surface/Volume,1,10,2251
1852,2000,Surface/Volume,1,10,2252
1853,2015,Surface/Volume,1,25,2253
1854,2015,Surface/Volume,1,25,2254
1855,2015,Surface/Volume,1,25,2255
1856,2015,Surface/Volume,1,25,2256
1857,2015,Surface/Volume,1,25,2257
1858,2015,Surface/Volume,1,25,2258
1859,2015,Surface/Volume,1,25,2259
1860,2015,Surface/Volume,1,25,2260
1861,2015,Surface/Volume,1,25,2261
1862,2015,Surface/Volume,1,25,2262
1863,2015,Surface/Volume,1,25,2263
1864,2015,Surface/Volume,0,25,2264
1865,2015,Surface/Volume,1,25,2265
1866,2015,Surface/Volume,1,25,2266
1867,2015,Surface/Volume,1,25,2267
1868,1995,Surface/Volume,1,5,2268
1869,1995,Surface/Volume,1,5,2269
1870,1995,Surface/Volume,1,5,2270
1871,2015,Surface/Volume,1,25,2271
1872,1995,Surface/Volume,1,5,2272
1873,2015,Surface/Volume,1,25,2273
1874,2015,Surface/Volume,1,25,2274
1875,2015,Surface/Volume,1,25,2275
1876,2015,Surface/Volume,1,25,2276
1877,2015,Surface/Volume,1,25,2277
1878,2015,Surface/Volume,0,25,2278
1879,2015,Surface/Volume,0,25,2279
1880,2015,Surface/Volume,1,25,2280
1881,2000,Surface/Volume,1,10,2281
1882,2015,Surface/Volume,1,25,2282
1883,2015,Surface/Volume,1,25,2283
1884,2015,Surface/Volume,1,25,2284
1885,2015,Surface/Volume,1,25,2285
1886,2015,Surface/Volume,1,25,2286
1887,2000,Surface/Volume,1,10,2287
1888,2000,Surface/Volume,1,10,2288
1889,2015,Surface/Volume,1,25,2289
1890,2015,Surface/Volume,1,25,2290
1891,2015,Surface/Volume,1,25,2291
1892,2015,Surface/Volume,1,25,2292
1893,2015,Surface/Volume,1,25,2293
1894,2015,Surface/Volume,1,25,2294
1895,2015,Surface/Volume,1,25,2295
1896,2000,Surface/Volume,1,10,2296
1897,2015,Surface/Volume,1,25,2297
1898,2000,Surface/Volume,1,10,2298
1899,2015,Surface/Volume,1,25,2299
1900,2015,Surface/Volume,0,25,2300
1901,2015,Surface/Volume,1,25,2301
1902,2015,Surface/Volume,1,25,2302
1903,2000,Surface/Volume,1,10,2303
1904,2015,Surface/Volume,1,25,2304
1905,2000,Surface/Volume,1,10,2305
1906,2015,Surface/Volume,1,25,2306
1907,2015,Surface/Volume,1,25,2307
1908,2000,Surface/Volume,1,10,2308
1909,2000,Surface/Volume,1,10,2309
1910,2000,Surface/Volume,1,10,2310
1911,2010,Surface/Volume,1,20,2311
1912,2010,Surface/Volume,1,20,2312
1913,2010,Surface/Volume,1,20,2313
1914,2010,Surface/Volume,1,20,2314
1915,2010,Surface/Volume,1,20,2315
1916,2010,Surface/Volume,1,20,2316
1917,2010,Surface/Volume,1,20,2317
1918,2010,Surface/Volume,1,20,2318
1919,2000,Surface/Volume,1,10,2319
1920,2000,Surface/Volume,1,10,2320
1921,2000,Surface/Volume,1,10,2321
1922,2000,Surface/Volume,1,10,2322
1923,2000,Surface/Volume,1,10,2323
1924,2000,Surface/Volume,1,10,2324
1925,2000,Surface/Volume,1,10,2325
1926,2010,Surface/Volume,1,20,2326
1927,2010,Surface/Volume,0,20,2327
1928,2010,Surface/Volume,1,20,2328
1929,2000,Surface/Volume,1,10,2329
1930,2000,Surface/Volume,1,10,2330
1931,2000,Surface/Volume,1,10,2331
1932,2015,Surface/Volume,1,25,2332
1933,2000,Surface/Volume,1,10,2333
1934,2010,Surface/Volume,1,20,2334
1935,2000,Surface/Volume,1,10,2335
1936,2010,Surface/Volume,1,20,2336
1937,2010,Surface/Volume,1,20,2337
1938,2010,Surface/Volume,1,20,2338
1939,2010,Surface/Volume,1,20,2339
1940,2010,Surface/Volume,1,20,2340
1941,2000,Surface/Volume,1,10,2341
1942,2010,Surface/Volume,1,20,2342
1943,2010,Surface/Volume,1,20,2343
1944,2010,Surface/Volume,1,20,2344
1945,2010,Surface/Volume,0,20,2345
1946,2010,Surface/Volume,1,20,2346
1947,2010,Surface/Volume,1,20,2347
1948,2010,Surface/Volume,1,20,2348
1949,2010,Surface/Volume,1,20,2349
1950,2010,Surface/Volume,1,20,2350
1951,2010,Surface/Volume,1,20,2351
1952,2010,Surface/Volume,1,20,2352
1953,2010,Surface/Volume,1,20,2353
1954,2010,Surface/Volume,1,20,2354
1955,2010,Surface/Volume,1,20,2355
1956,2010,Surface/Volume,1,20,2356
1957,2010,Surface/Volume,1,20,2357
1958,2010,Surface/Volume,1,20,2358
1959,2010,Surface/Volume,1,20,2359
1960,2010,Surface/Volume,1,20,2360
1961,2010,Surface/Volume,1,20,2361
1962,2000,Surface/Volume,1,10,2362
1963,2010,Surface/Volume,1,20,2363
1964,2000,Surface/Volume,1,10,2364
1965,2000,Surface/Volume,1,10,2365
1966,2000,Surface/Volume,1,10,2366
1967,2000,Surface/Volume,1,10,2367
1968,2000,Surface/Volume,1,10,2368
1969,2000,Surface/Volume,1,10,2369
1970,2000,Surface/Volume,1,10,2370
1971,2000,Surface/Volume,1,10,2371
1972,2000,Surface/Volume,1,10,2372
1973,2000,Surface/Volume,1,10,2373
1974,2000,Surface/Volume,1,10,2374
1975,2000,Surface/Volume,1,10,2375
1976,2000,Surface/Volume,1,10,2376
1977,2000,Surface/Volume,1,10,2377
1978,2000,Surface/Volume,1,10,2378
1979,2000,Surface/Volume,1,10,2379
1980,2000,Surface/Volume,1,10,2380
1981,2000,Surface/Volume,1,10,2381
1982,2000,Surface/Volume,1,10,2382
1983,2000,Surface/Volume,1,10,2383
1984,2000,Surface/Volume,1,10,2384
1985,2000,Surface/Volume,1,10,2385
1986,2000,Surface/Volume,1,10,2386
1987,2000,Surface/Volume,1,10,2387
1988,2000,Surface/Volume,1,10,2388
1989,2000,Surface/Volume,1,10,2389
1990,2000,Surface/Volume,1,10,2390
1991,1990,Surface/Volume,1,0,2391
1992,2000,Surface/Volume,1,10,2392
1993,2000,Surface/Volume,1,10,2393
1994,2000,Surface/Volume,1,10,2394
1995,2000,Surface/Volume,1,10,2395
1996,2000,Surface/Volume,1,10,2396
1997,2000,Surface/Volume,1,10,2397
1998,2000,Surface/Volume,1,10,2398
1999,2000,Surface/Volume,1,10,2399
2000,2000,Surface/Volume,1,10,2400
2001,2000,Surface/Volume,1,10,2401
2002,2000,Surface/Volume,1,10,2402
2003,2000,Surface/Volume,1,10,2403
2004,2000,Surface/Volume,0,10,2404
2005,2000,Surface/Volume,0,10,2405
2006,2000,Surface/Volume,1,10,2406
2007,2000,Surface/Volume,1,10,2407
2008,2000,Surface/Volume,1,10,2408
2009,2000,Surface/Volume,1,10,2409
2010,2000,Surface/Volume,1,10,2410
2011,2010,Text,0,20,2461
2012,2020,Text,1,30,2462
2013,2010,Text,1,20,2463
2014,2020,Text,1,30,2464
2015,2015,Text,1,25,2465
2016,2010,Text,1,20,2466
2017,2010,Text,1,20,2467
2018,2010,Text,1,20,2468
2019,2005,Text,1,15,2469
2020,2020,Text,1,30,2470
2021,2020,Text,1,30,2471
2022,2020,Text,0,30,2472
2023,2005,Text,1,15,2473
2024,2000,Text,0,10,2474
